workload,partitions,rows,mode,run,seconds
partitioned-write,2,500000,stock,0,4.597695618
partitioned-write,2,500000,previous,0,2.538831303
partitioned-write,2,500000,native,0,0.366963195
partitioned-write,2,500000,native,1,0.387186007
partitioned-write,2,500000,stock,1,4.3783876
partitioned-write,2,500000,previous,1,2.29511046
partitioned-write,2,500000,previous,2,2.447674008
partitioned-write,2,500000,native,2,0.377754803
partitioned-write,2,500000,stock,2,4.41544157
filtered-read,2,500000,stock,0,9.317307779
filtered-read,2,500000,previous,0,2.185903633
filtered-read,2,500000,native,0,0.18388261
filtered-read,2,500000,native,1,0.176330325
filtered-read,2,500000,stock,1,4.316374236
filtered-read,2,500000,previous,1,2.222688374
filtered-read,2,500000,previous,2,2.207256816
filtered-read,2,500000,native,2,0.161982627
filtered-read,2,500000,stock,2,4.411042436
partitioned-write,16,500000,stock,0,4.761109448
partitioned-write,16,500000,previous,0,2.623708534
partitioned-write,16,500000,native,0,1.129591362
partitioned-write,16,500000,native,1,0.92741183
partitioned-write,16,500000,stock,1,9.531692819
partitioned-write,16,500000,previous,1,2.777835083
partitioned-write,16,500000,previous,2,2.733006811
partitioned-write,16,500000,native,2,0.83948854
partitioned-write,16,500000,stock,2,4.597046176
filtered-read,16,500000,stock,0,4.676373791
filtered-read,16,500000,previous,0,5.552672512
filtered-read,16,500000,native,0,1.180879986
filtered-read,16,500000,native,1,0.650704754
filtered-read,16,500000,stock,1,9.655735996
filtered-read,16,500000,previous,1,5.49957124
filtered-read,16,500000,previous,2,5.315009226
filtered-read,16,500000,native,2,0.648003816
filtered-read,16,500000,stock,2,4.659694155
partitioned-read,2,500000,stock,0,4.318496393
partitioned-read,2,500000,previous,0,2.270033199
partitioned-read,2,500000,native,0,0.230849058
partitioned-read,2,500000,native,1,0.251027545
partitioned-read,2,500000,stock,1,4.394895705
partitioned-read,2,500000,previous,1,2.237125569
partitioned-read,2,500000,previous,2,2.229126111
partitioned-read,2,500000,native,2,0.217912079
partitioned-read,2,500000,stock,2,9.19847045
partitioned-read,16,500000,stock,0,4.34972187
partitioned-read,16,500000,previous,0,5.248777101
partitioned-read,16,500000,native,0,0.391529384
partitioned-read,16,500000,native,1,0.496476912
partitioned-read,16,500000,stock,1,4.284008633
partitioned-read,16,500000,previous,1,2.226718694
partitioned-read,16,500000,previous,2,2.21881893
partitioned-read,16,500000,native,2,0.364039011
partitioned-read,16,500000,stock,2,4.461990632
