round,variant,engine,trial,seconds,rows,width,domain,null_every,element_null_every
0,candidate,flink,0,1.20487845,2000000,64,65536,8,7
0,candidate,flink,1,1.209697636,2000000,64,65536,8,7
0,candidate,flink,2,1.204823741,2000000,64,65536,8,7
0,candidate,flink,3,1.253423436,2000000,64,65536,8,7
0,candidate,flink,4,1.204456984,2000000,64,65536,8,7
0,candidate,native,0,1.681510113,2000000,64,65536,8,7
0,candidate,native,1,1.68178228,2000000,64,65536,8,7
0,candidate,native,2,1.662744551,2000000,64,65536,8,7
0,candidate,native,3,1.655674147,2000000,64,65536,8,7
0,candidate,native,4,1.657829671,2000000,64,65536,8,7
1,original,flink,0,1.27954011,2000000,64,65536,8,7
1,original,flink,1,1.283080612,2000000,64,65536,8,7
1,original,flink,2,1.265019448,2000000,64,65536,8,7
1,original,flink,3,1.286438571,2000000,64,65536,8,7
1,original,flink,4,1.276138259,2000000,64,65536,8,7
1,original,previous_native_cast,0,1.332914101,2000000,64,65536,8,7
1,original,previous_native_cast,1,1.360941718,2000000,64,65536,8,7
1,original,previous_native_cast,2,1.28867154,2000000,64,65536,8,7
1,original,previous_native_cast,3,1.291291581,2000000,64,65536,8,7
1,original,previous_native_cast,4,1.287306859,2000000,64,65536,8,7
2,original,flink,0,1.275900296,2000000,64,65536,8,7
2,original,flink,1,1.272916444,2000000,64,65536,8,7
2,original,flink,2,1.289784019,2000000,64,65536,8,7
2,original,flink,3,1.258710666,2000000,64,65536,8,7
2,original,flink,4,1.277995651,2000000,64,65536,8,7
2,original,previous_native_cast,0,1.326542242,2000000,64,65536,8,7
2,original,previous_native_cast,1,1.31427042,2000000,64,65536,8,7
2,original,previous_native_cast,2,1.29223413,2000000,64,65536,8,7
2,original,previous_native_cast,3,1.285445889,2000000,64,65536,8,7
2,original,previous_native_cast,4,1.291767157,2000000,64,65536,8,7
3,candidate,flink,0,1.288627098,2000000,64,65536,8,7
3,candidate,flink,1,1.258993378,2000000,64,65536,8,7
3,candidate,flink,2,1.256058404,2000000,64,65536,8,7
3,candidate,flink,3,1.214801514,2000000,64,65536,8,7
3,candidate,flink,4,1.204508073,2000000,64,65536,8,7
3,candidate,native,0,1.63499487,2000000,64,65536,8,7
3,candidate,native,1,1.596752493,2000000,64,65536,8,7
3,candidate,native,2,1.590058395,2000000,64,65536,8,7
3,candidate,native,3,1.570499268,2000000,64,65536,8,7
3,candidate,native,4,1.565243144,2000000,64,65536,8,7
