revision,element_type,rows,width,domain,container_null_every,element_null_every,engine,trial,seconds
1b1b5ed8,BOOLEAN,2000000,64,2,8,7,stock_flink,1,2.133045382
1b1b5ed8,BOOLEAN,2000000,64,2,8,7,stock_flink,2,2.122135504
1b1b5ed8,BOOLEAN,2000000,64,2,8,7,stock_flink,3,2.147954635
1b1b5ed8,BOOLEAN,2000000,64,2,8,7,stock_flink,4,1.925975905
1b1b5ed8,BOOLEAN,2000000,64,2,8,7,stock_flink,5,1.950894021
1b1b5ed8,BOOLEAN,2000000,64,2,8,7,previous_fallback,1,2.059934578
1b1b5ed8,BOOLEAN,2000000,64,2,8,7,previous_fallback,2,2.040960784
1b1b5ed8,BOOLEAN,2000000,64,2,8,7,previous_fallback,3,1.954934494
1b1b5ed8,BOOLEAN,2000000,64,2,8,7,previous_fallback,4,1.979635398
1b1b5ed8,BOOLEAN,2000000,64,2,8,7,previous_fallback,5,2.040348246
314a96ab,BOOLEAN,2000000,64,2,8,7,stock_flink,1,1.977388625
314a96ab,BOOLEAN,2000000,64,2,8,7,stock_flink,2,1.920272838
314a96ab,BOOLEAN,2000000,64,2,8,7,stock_flink,3,1.977138579
314a96ab,BOOLEAN,2000000,64,2,8,7,stock_flink,4,1.944603831
314a96ab,BOOLEAN,2000000,64,2,8,7,stock_flink,5,1.921938588
314a96ab,BOOLEAN,2000000,64,2,8,7,candidate_native,1,1.542221063
314a96ab,BOOLEAN,2000000,64,2,8,7,candidate_native,2,1.519335934
314a96ab,BOOLEAN,2000000,64,2,8,7,candidate_native,3,1.488111648
314a96ab,BOOLEAN,2000000,64,2,8,7,candidate_native,4,1.487587762
314a96ab,BOOLEAN,2000000,64,2,8,7,candidate_native,5,1.502351324
