harness_revision,native_library_sha256,element_type,rows,width,domain,suffix_bytes,container_null_every,element_null_every,engine,trial,seconds
b5288af4,300e3c456b7dbe94284d985bc380f1d88d928a15afae1e8a7d7251ec2ec72318,STRING,200000,64,64,264,0,0,stock_flink,1,6.460491888
b5288af4,300e3c456b7dbe94284d985bc380f1d88d928a15afae1e8a7d7251ec2ec72318,STRING,200000,64,64,264,0,0,stock_flink,2,6.458166059
b5288af4,300e3c456b7dbe94284d985bc380f1d88d928a15afae1e8a7d7251ec2ec72318,STRING,200000,64,64,264,0,0,stock_flink,3,6.420586098
b5288af4,300e3c456b7dbe94284d985bc380f1d88d928a15afae1e8a7d7251ec2ec72318,STRING,200000,64,64,264,0,0,stock_flink,4,6.427183285
b5288af4,300e3c456b7dbe94284d985bc380f1d88d928a15afae1e8a7d7251ec2ec72318,STRING,200000,64,64,264,0,0,stock_flink,5,6.420304803
b5288af4,300e3c456b7dbe94284d985bc380f1d88d928a15afae1e8a7d7251ec2ec72318,STRING,200000,64,64,264,0,0,native,1,5.906900526
b5288af4,300e3c456b7dbe94284d985bc380f1d88d928a15afae1e8a7d7251ec2ec72318,STRING,200000,64,64,264,0,0,native,2,5.913340669
b5288af4,300e3c456b7dbe94284d985bc380f1d88d928a15afae1e8a7d7251ec2ec72318,STRING,200000,64,64,264,0,0,native,3,5.86891918
b5288af4,300e3c456b7dbe94284d985bc380f1d88d928a15afae1e8a7d7251ec2ec72318,STRING,200000,64,64,264,0,0,native,4,5.939868156
b5288af4,300e3c456b7dbe94284d985bc380f1d88d928a15afae1e8a7d7251ec2ec72318,STRING,200000,64,64,264,0,0,native,5,5.712530822
1b1b5ed8,f13117ed1dcf1498a553109f8701ff8a64ce4c1002649ae99072d845ddf771f5,STRING,200000,64,64,264,0,0,stock_flink,1,6.220808621
1b1b5ed8,f13117ed1dcf1498a553109f8701ff8a64ce4c1002649ae99072d845ddf771f5,STRING,200000,64,64,264,0,0,stock_flink,2,6.361735325
1b1b5ed8,f13117ed1dcf1498a553109f8701ff8a64ce4c1002649ae99072d845ddf771f5,STRING,200000,64,64,264,0,0,stock_flink,3,6.163930034
1b1b5ed8,f13117ed1dcf1498a553109f8701ff8a64ce4c1002649ae99072d845ddf771f5,STRING,200000,64,64,264,0,0,stock_flink,4,6.249773119
1b1b5ed8,f13117ed1dcf1498a553109f8701ff8a64ce4c1002649ae99072d845ddf771f5,STRING,200000,64,64,264,0,0,stock_flink,5,6.167645576
1b1b5ed8,f13117ed1dcf1498a553109f8701ff8a64ce4c1002649ae99072d845ddf771f5,STRING,200000,64,64,264,0,0,previous_fallback,1,6.268509056
1b1b5ed8,f13117ed1dcf1498a553109f8701ff8a64ce4c1002649ae99072d845ddf771f5,STRING,200000,64,64,264,0,0,previous_fallback,2,6.255865442
1b1b5ed8,f13117ed1dcf1498a553109f8701ff8a64ce4c1002649ae99072d845ddf771f5,STRING,200000,64,64,264,0,0,previous_fallback,3,6.276110911
1b1b5ed8,f13117ed1dcf1498a553109f8701ff8a64ce4c1002649ae99072d845ddf771f5,STRING,200000,64,64,264,0,0,previous_fallback,4,6.168645737
1b1b5ed8,f13117ed1dcf1498a553109f8701ff8a64ce4c1002649ae99072d845ddf771f5,STRING,200000,64,64,264,0,0,previous_fallback,5,6.199927439
