case,version,estimator,nanoseconds,ci_lower_ns,ci_upper_ns
boolean_1024_width=64_domain=2_bytes=0_nulls=false,original,mean,206797.30933920317,205867.06259808666,207884.6717531079
boolean_1024_width=64_domain=2_bytes=0_nulls=false,original,slope,205950.01340904678,205044.41686819115,207016.61870131377
boolean_1024_width=64_domain=2_bytes=0_nulls=false,stack_membership,mean,148074.85774683673,147627.94263480214,148583.48159919432
boolean_1024_width=64_domain=2_bytes=0_nulls=false,stack_membership,slope,148532.53177926617,147978.60263768432,149097.53843406934
boolean_1024_width=64_domain=2_bytes=0_nulls=true,original,mean,188170.29905805958,187144.32888209898,189367.85264335288
boolean_1024_width=64_domain=2_bytes=0_nulls=true,original,slope,188310.25443662918,187209.912262827,189679.5529654967
boolean_1024_width=64_domain=2_bytes=0_nulls=true,stack_membership,mean,128278.348372838,127840.04149424144,128759.03544573813
boolean_1024_width=64_domain=2_bytes=0_nulls=true,stack_membership,slope,128459.19042025565,127814.96771582006,129243.42160815516
boolean_1024_width=8_domain=2_bytes=0_nulls=false,original,mean,21008.592541823546,20920.782357435717,21116.22463158251
boolean_1024_width=8_domain=2_bytes=0_nulls=false,original,slope,21012.182926824196,20908.292342811805,21165.224859030604
boolean_1024_width=8_domain=2_bytes=0_nulls=false,stack_membership,mean,22584.604939881243,22447.893135418137,22759.27399502276
boolean_1024_width=8_domain=2_bytes=0_nulls=false,stack_membership,slope,22467.68516959259,22374.498766212484,22580.07591401638
boolean_1024_width=8_domain=2_bytes=0_nulls=true,original,mean,23124.655085696468,22993.923023448602,23276.93713013575
boolean_1024_width=8_domain=2_bytes=0_nulls=true,original,slope,23086.376420150296,22993.822805942313,23189.22899562791
boolean_1024_width=8_domain=2_bytes=0_nulls=true,stack_membership,mean,24251.34957431875,24163.425512944857,24352.029060417888
boolean_1024_width=8_domain=2_bytes=0_nulls=true,stack_membership,slope,24340.209536172537,24233.257906451894,24457.62720668146
boolean_1024_width=64_domain=2_bytes=0_nulls=false,boolean_bits_runtime_dispatch,mean,103113.87408932924,102730.37539997502,103556.78308094818
boolean_1024_width=64_domain=2_bytes=0_nulls=false,boolean_bits_runtime_dispatch,slope,102993.27799245398,102678.12478151609,103324.27620086934
boolean_1024_width=64_domain=2_bytes=0_nulls=true,boolean_bits_runtime_dispatch,mean,107129.82909460581,106587.45053689412,107865.88296494678
boolean_1024_width=64_domain=2_bytes=0_nulls=true,boolean_bits_runtime_dispatch,slope,107022.54284267302,106658.60085930163,107372.98825967101
boolean_1024_width=8_domain=2_bytes=0_nulls=false,boolean_bits_runtime_dispatch,mean,17925.72920367152,17852.273955892968,18009.068492939405
boolean_1024_width=8_domain=2_bytes=0_nulls=false,boolean_bits_runtime_dispatch,slope,18001.1093053423,17898.478349530116,18121.70468148178
boolean_1024_width=8_domain=2_bytes=0_nulls=true,boolean_bits_runtime_dispatch,mean,20528.56739370059,20420.37997783927,20650.823416350937
boolean_1024_width=8_domain=2_bytes=0_nulls=true,boolean_bits_runtime_dispatch,slope,20597.635295535692,20435.01745946728,20792.880344283676
boolean_1024_width=64_domain=2_bytes=0_nulls=false,boolean_bits_compile_time_dispatch,mean,96047.1197393236,95716.79481309242,96403.40701220505
boolean_1024_width=64_domain=2_bytes=0_nulls=false,boolean_bits_compile_time_dispatch,slope,95897.82936284217,95588.2055649473,96256.39380435713
boolean_1024_width=64_domain=2_bytes=0_nulls=true,boolean_bits_compile_time_dispatch,mean,114457.36609916709,113404.72487915722,115808.27192695881
boolean_1024_width=64_domain=2_bytes=0_nulls=true,boolean_bits_compile_time_dispatch,slope,113201.01721496519,112871.56110203982,113579.51524885625
boolean_1024_width=8_domain=2_bytes=0_nulls=false,boolean_bits_compile_time_dispatch,mean,17221.00215597648,17112.784384623243,17353.84489701807
boolean_1024_width=8_domain=2_bytes=0_nulls=false,boolean_bits_compile_time_dispatch,slope,17286.22518262152,17173.527457257675,17413.32074691309
boolean_1024_width=8_domain=2_bytes=0_nulls=true,boolean_bits_compile_time_dispatch,mean,21062.133054209437,20944.181331541426,21208.065983875134
boolean_1024_width=8_domain=2_bytes=0_nulls=true,boolean_bits_compile_time_dispatch,slope,21050.09299047342,20956.464386300515,21161.075214324417
