scenario,revision,rows,width,domain,container_null_every,element_null_every,engine,trial,seconds
reverse,1b1b5ed8,2000000,8,2,8,7,stock_flink,1,0.532716333
reverse,1b1b5ed8,2000000,8,2,8,7,stock_flink,2,0.546480318
reverse,1b1b5ed8,2000000,8,2,8,7,stock_flink,3,0.512764917
reverse,1b1b5ed8,2000000,8,2,8,7,stock_flink,4,0.50926116
reverse,1b1b5ed8,2000000,8,2,8,7,stock_flink,5,0.512450072
reverse,1b1b5ed8,2000000,8,2,8,7,streamfusion_fallback,1,0.527514154
reverse,1b1b5ed8,2000000,8,2,8,7,streamfusion_fallback,2,0.506676615
reverse,1b1b5ed8,2000000,8,2,8,7,streamfusion_fallback,3,0.49317907
reverse,1b1b5ed8,2000000,8,2,8,7,streamfusion_fallback,4,0.52519692
reverse,1b1b5ed8,2000000,8,2,8,7,streamfusion_fallback,5,0.535818433
reverse,22c38f85,2000000,8,2,8,7,stock_flink,1,0.642642669
reverse,22c38f85,2000000,8,2,8,7,stock_flink,2,0.5580776
reverse,22c38f85,2000000,8,2,8,7,stock_flink,3,0.532070948
reverse,22c38f85,2000000,8,2,8,7,stock_flink,4,0.534074229
reverse,22c38f85,2000000,8,2,8,7,stock_flink,5,0.541115971
reverse,22c38f85,2000000,8,2,8,7,streamfusion_native,1,0.622528136
reverse,22c38f85,2000000,8,2,8,7,streamfusion_native,2,0.569592797
reverse,22c38f85,2000000,8,2,8,7,streamfusion_native,3,0.543873641
reverse,22c38f85,2000000,8,2,8,7,streamfusion_native,4,0.539009131
reverse,22c38f85,2000000,8,2,8,7,streamfusion_native,5,0.536786666
sustained,1b1b5ed8,10000000,8,2,8,7,stock_flink,1,2.28140003
sustained,1b1b5ed8,10000000,8,2,8,7,stock_flink,2,2.237786903
sustained,1b1b5ed8,10000000,8,2,8,7,stock_flink,3,2.227715411
sustained,1b1b5ed8,10000000,8,2,8,7,stock_flink,4,2.197015212
sustained,1b1b5ed8,10000000,8,2,8,7,stock_flink,5,2.23650874
sustained,1b1b5ed8,10000000,8,2,8,7,streamfusion_fallback,1,2.290885188
sustained,1b1b5ed8,10000000,8,2,8,7,streamfusion_fallback,2,2.265688812
sustained,1b1b5ed8,10000000,8,2,8,7,streamfusion_fallback,3,2.235344417
sustained,1b1b5ed8,10000000,8,2,8,7,streamfusion_fallback,4,2.205520522
sustained,1b1b5ed8,10000000,8,2,8,7,streamfusion_fallback,5,2.245811455
sustained,22c38f85,10000000,8,2,8,7,stock_flink,1,2.54783083
sustained,22c38f85,10000000,8,2,8,7,stock_flink,2,2.469363403
sustained,22c38f85,10000000,8,2,8,7,stock_flink,3,2.482624671
sustained,22c38f85,10000000,8,2,8,7,stock_flink,4,2.583694274
sustained,22c38f85,10000000,8,2,8,7,stock_flink,5,2.490987727
sustained,22c38f85,10000000,8,2,8,7,streamfusion_native,1,2.455760948
sustained,22c38f85,10000000,8,2,8,7,streamfusion_native,2,2.469943604
sustained,22c38f85,10000000,8,2,8,7,streamfusion_native,3,2.496890152
sustained,22c38f85,10000000,8,2,8,7,streamfusion_native,4,2.697696342
sustained,22c38f85,10000000,8,2,8,7,streamfusion_native,5,2.579417276
