base,implementation,run,type,rows,array_width,value_domain,warmups,engine,trial,seconds
4aae50a1,generic,64,BIGINT,200000,64,64,2,flink,1,1.052542587
4aae50a1,generic,64,BIGINT,200000,64,64,2,flink,2,1.031088183
4aae50a1,generic,64,BIGINT,200000,64,64,2,flink,3,1.010495623
4aae50a1,generic,64,BIGINT,200000,64,64,2,flink,4,0.991153872
4aae50a1,generic,64,BIGINT,200000,64,64,2,flink,5,0.982688991
4aae50a1,generic,64,BIGINT,200000,64,64,2,native,1,0.395326438
4aae50a1,generic,64,BIGINT,200000,64,64,2,native,2,0.390421111
4aae50a1,generic,64,BIGINT,200000,64,64,2,native,3,0.378355625
4aae50a1,generic,64,BIGINT,200000,64,64,2,native,4,0.372009496
4aae50a1,generic,64,BIGINT,200000,64,64,2,native,5,0.364903419
4aae50a1,generic,256,BIGINT,200000,256,256,2,flink,1,13.255943088
4aae50a1,generic,256,BIGINT,200000,256,256,2,flink,2,13.494882374
4aae50a1,generic,256,BIGINT,200000,256,256,2,flink,3,13.193920387
4aae50a1,generic,256,BIGINT,200000,256,256,2,flink,4,13.468978372
4aae50a1,generic,256,BIGINT,200000,256,256,2,flink,5,13.253074746
4aae50a1,generic,256,BIGINT,200000,256,256,2,native,1,1.195508620
4aae50a1,generic,256,BIGINT,200000,256,256,2,native,2,1.101093262
4aae50a1,generic,256,BIGINT,200000,256,256,2,native,3,1.089077903
4aae50a1,generic,256,BIGINT,200000,256,256,2,native,4,1.157031606
4aae50a1,generic,256,BIGINT,200000,256,256,2,native,5,1.185302866
4aae50a1,generic,8,BIGINT,2000000,8,8,2,flink,1,0.653635605
4aae50a1,generic,8,BIGINT,2000000,8,8,2,flink,2,0.626136108
4aae50a1,generic,8,BIGINT,2000000,8,8,2,flink,3,0.625046194
4aae50a1,generic,8,BIGINT,2000000,8,8,2,flink,4,0.612921212
4aae50a1,generic,8,BIGINT,2000000,8,8,2,flink,5,0.619509283
4aae50a1,generic,8,BIGINT,2000000,8,8,2,native,1,0.785216921
4aae50a1,generic,8,BIGINT,2000000,8,8,2,native,2,0.862016309
4aae50a1,generic,8,BIGINT,2000000,8,8,2,native,3,0.718181820
4aae50a1,generic,8,BIGINT,2000000,8,8,2,native,4,0.723800306
4aae50a1,generic,8,BIGINT,2000000,8,8,2,native,5,0.722899365
4aae50a1,generic,duplicates,BIGINT,200000,64,8,2,flink,1,0.350627934
4aae50a1,generic,duplicates,BIGINT,200000,64,8,2,flink,2,0.355286118
4aae50a1,generic,duplicates,BIGINT,200000,64,8,2,flink,3,0.350202550
4aae50a1,generic,duplicates,BIGINT,200000,64,8,2,flink,4,0.358010049
4aae50a1,generic,duplicates,BIGINT,200000,64,8,2,flink,5,0.348735250
4aae50a1,generic,duplicates,BIGINT,200000,64,8,2,native,1,0.305499192
4aae50a1,generic,duplicates,BIGINT,200000,64,8,2,native,2,0.337955986
4aae50a1,generic,duplicates,BIGINT,200000,64,8,2,native,3,0.301959777
4aae50a1,generic,duplicates,BIGINT,200000,64,8,2,native,4,0.299715427
4aae50a1,generic,duplicates,BIGINT,200000,64,8,2,native,5,0.296602937
4aae50a1,typed_hash,typed-8,BIGINT,2000000,8,8,2,flink,1,0.693487595
4aae50a1,typed_hash,typed-8,BIGINT,2000000,8,8,2,flink,2,0.608402069
4aae50a1,typed_hash,typed-8,BIGINT,2000000,8,8,2,flink,3,0.595120002
4aae50a1,typed_hash,typed-8,BIGINT,2000000,8,8,2,flink,4,0.671047322
4aae50a1,typed_hash,typed-8,BIGINT,2000000,8,8,2,flink,5,0.622843077
4aae50a1,typed_hash,typed-8,BIGINT,2000000,8,8,2,native,1,0.672580941
4aae50a1,typed_hash,typed-8,BIGINT,2000000,8,8,2,native,2,0.664588577
4aae50a1,typed_hash,typed-8,BIGINT,2000000,8,8,2,native,3,0.651400438
4aae50a1,typed_hash,typed-8,BIGINT,2000000,8,8,2,native,4,0.658670679
4aae50a1,typed_hash,typed-8,BIGINT,2000000,8,8,2,native,5,0.645568014
4aae50a1,typed_stack,final-8,BIGINT,2000000,8,8,2,flink,1,0.599324347
4aae50a1,typed_stack,final-8,BIGINT,2000000,8,8,2,flink,2,0.613802990
4aae50a1,typed_stack,final-8,BIGINT,2000000,8,8,2,flink,3,0.593091933
4aae50a1,typed_stack,final-8,BIGINT,2000000,8,8,2,flink,4,0.601800565
4aae50a1,typed_stack,final-8,BIGINT,2000000,8,8,2,flink,5,0.600550291
4aae50a1,typed_stack,final-8,BIGINT,2000000,8,8,2,native,1,0.623814173
4aae50a1,typed_stack,final-8,BIGINT,2000000,8,8,2,native,2,0.633664511
4aae50a1,typed_stack,final-8,BIGINT,2000000,8,8,2,native,3,0.635246102
4aae50a1,typed_stack,final-8,BIGINT,2000000,8,8,2,native,4,0.602726595
4aae50a1,typed_stack,final-8,BIGINT,2000000,8,8,2,native,5,0.603800303
4aae50a1,typed_stack,final-8-warm,BIGINT,2000000,8,8,5,flink,1,0.607294742
4aae50a1,typed_stack,final-8-warm,BIGINT,2000000,8,8,5,flink,2,0.588799045
4aae50a1,typed_stack,final-8-warm,BIGINT,2000000,8,8,5,flink,3,0.597988822
4aae50a1,typed_stack,final-8-warm,BIGINT,2000000,8,8,5,flink,4,0.612697806
4aae50a1,typed_stack,final-8-warm,BIGINT,2000000,8,8,5,flink,5,0.649842328
4aae50a1,typed_stack,final-8-warm,BIGINT,2000000,8,8,5,native,1,0.584754675
4aae50a1,typed_stack,final-8-warm,BIGINT,2000000,8,8,5,native,2,0.592404751
4aae50a1,typed_stack,final-8-warm,BIGINT,2000000,8,8,5,native,3,0.591901138
4aae50a1,typed_stack,final-8-warm,BIGINT,2000000,8,8,5,native,4,0.594054548
4aae50a1,typed_stack,final-8-warm,BIGINT,2000000,8,8,5,native,5,0.631283583
4aae50a1,typed_stack,final-8-long,BIGINT,20000000,8,8,5,flink,1,5.201820476
4aae50a1,typed_stack,final-8-long,BIGINT,20000000,8,8,5,flink,2,5.326009763
4aae50a1,typed_stack,final-8-long,BIGINT,20000000,8,8,5,flink,3,5.197419036
4aae50a1,typed_stack,final-8-long,BIGINT,20000000,8,8,5,flink,4,5.321743436
4aae50a1,typed_stack,final-8-long,BIGINT,20000000,8,8,5,flink,5,5.314006632
4aae50a1,typed_stack,final-8-long,BIGINT,20000000,8,8,5,native,1,5.489296556
4aae50a1,typed_stack,final-8-long,BIGINT,20000000,8,8,5,native,2,5.393480927
4aae50a1,typed_stack,final-8-long,BIGINT,20000000,8,8,5,native,3,5.385471433
4aae50a1,typed_stack,final-8-long,BIGINT,20000000,8,8,5,native,4,5.582918537
4aae50a1,typed_stack,final-8-long,BIGINT,20000000,8,8,5,native,5,5.387713962
4aae50a1,typed_stack,final-bigint64,BIGINT,200000,64,64,5,flink,1,0.992724458
4aae50a1,typed_stack,final-bigint64,BIGINT,200000,64,64,5,flink,2,0.988485801
4aae50a1,typed_stack,final-bigint64,BIGINT,200000,64,64,5,flink,3,1.004633510
4aae50a1,typed_stack,final-bigint64,BIGINT,200000,64,64,5,flink,4,0.990424272
4aae50a1,typed_stack,final-bigint64,BIGINT,200000,64,64,5,flink,5,1.010117538
4aae50a1,typed_stack,final-bigint64,BIGINT,200000,64,64,5,native,1,0.316455534
4aae50a1,typed_stack,final-bigint64,BIGINT,200000,64,64,5,native,2,0.313460152
4aae50a1,typed_stack,final-bigint64,BIGINT,200000,64,64,5,native,3,0.313853800
4aae50a1,typed_stack,final-bigint64,BIGINT,200000,64,64,5,native,4,0.309766234
4aae50a1,typed_stack,final-bigint64,BIGINT,200000,64,64,5,native,5,0.310247665
4aae50a1,typed_stack,final-bigint256,BIGINT,200000,256,256,5,flink,1,13.585692798
4aae50a1,typed_stack,final-bigint256,BIGINT,200000,256,256,5,flink,2,13.455702567
4aae50a1,typed_stack,final-bigint256,BIGINT,200000,256,256,5,flink,3,13.389845561
4aae50a1,typed_stack,final-bigint256,BIGINT,200000,256,256,5,flink,4,13.620568868
4aae50a1,typed_stack,final-bigint256,BIGINT,200000,256,256,5,flink,5,13.433586766
4aae50a1,typed_stack,final-bigint256,BIGINT,200000,256,256,5,native,1,0.917591073
4aae50a1,typed_stack,final-bigint256,BIGINT,200000,256,256,5,native,2,0.895565640
4aae50a1,typed_stack,final-bigint256,BIGINT,200000,256,256,5,native,3,0.926539103
4aae50a1,typed_stack,final-bigint256,BIGINT,200000,256,256,5,native,4,0.889026727
4aae50a1,typed_stack,final-bigint256,BIGINT,200000,256,256,5,native,5,0.969161349
4aae50a1,typed_stack,final-duplicates,BIGINT,200000,64,8,5,flink,1,0.322764258
4aae50a1,typed_stack,final-duplicates,BIGINT,200000,64,8,5,flink,2,0.334883281
4aae50a1,typed_stack,final-duplicates,BIGINT,200000,64,8,5,flink,3,0.328414670
4aae50a1,typed_stack,final-duplicates,BIGINT,200000,64,8,5,flink,4,0.322600639
4aae50a1,typed_stack,final-duplicates,BIGINT,200000,64,8,5,flink,5,0.329530317
4aae50a1,typed_stack,final-duplicates,BIGINT,200000,64,8,5,native,1,0.224653291
4aae50a1,typed_stack,final-duplicates,BIGINT,200000,64,8,5,native,2,0.226218740
4aae50a1,typed_stack,final-duplicates,BIGINT,200000,64,8,5,native,3,0.228921945
4aae50a1,typed_stack,final-duplicates,BIGINT,200000,64,8,5,native,4,0.232946552
4aae50a1,typed_stack,final-duplicates,BIGINT,200000,64,8,5,native,5,0.229027230
4aae50a1,typed_stack,final-int64,INT,200000,64,64,5,flink,1,1.056424589
4aae50a1,typed_stack,final-int64,INT,200000,64,64,5,flink,2,0.988294340
4aae50a1,typed_stack,final-int64,INT,200000,64,64,5,flink,3,0.997901826
4aae50a1,typed_stack,final-int64,INT,200000,64,64,5,flink,4,0.986658922
4aae50a1,typed_stack,final-int64,INT,200000,64,64,5,flink,5,0.985757126
4aae50a1,typed_stack,final-int64,INT,200000,64,64,5,native,1,0.303641399
4aae50a1,typed_stack,final-int64,INT,200000,64,64,5,native,2,0.298497326
4aae50a1,typed_stack,final-int64,INT,200000,64,64,5,native,3,0.298408252
4aae50a1,typed_stack,final-int64,INT,200000,64,64,5,native,4,0.306273366
4aae50a1,typed_stack,final-int64,INT,200000,64,64,5,native,5,0.300304780
665dc10d,typed_fingerprint,current-bigint64,BIGINT,200000,64,64,5,flink,1,1.046803503
665dc10d,typed_fingerprint,current-bigint64,BIGINT,200000,64,64,5,flink,2,1.039146083
665dc10d,typed_fingerprint,current-bigint64,BIGINT,200000,64,64,5,flink,3,1.052994944
665dc10d,typed_fingerprint,current-bigint64,BIGINT,200000,64,64,5,flink,4,1.044908801
665dc10d,typed_fingerprint,current-bigint64,BIGINT,200000,64,64,5,flink,5,1.064931779
665dc10d,typed_fingerprint,current-bigint64,BIGINT,200000,64,64,5,native,1,0.311895635
665dc10d,typed_fingerprint,current-bigint64,BIGINT,200000,64,64,5,native,2,0.309987326
665dc10d,typed_fingerprint,current-bigint64,BIGINT,200000,64,64,5,native,3,0.318921608
665dc10d,typed_fingerprint,current-bigint64,BIGINT,200000,64,64,5,native,4,0.309224754
665dc10d,typed_fingerprint,current-bigint64,BIGINT,200000,64,64,5,native,5,0.308234997
665dc10d,typed_fingerprint,current-bigint256,BIGINT,200000,256,256,5,flink,1,13.387780957
665dc10d,typed_fingerprint,current-bigint256,BIGINT,200000,256,256,5,flink,2,13.402552916
665dc10d,typed_fingerprint,current-bigint256,BIGINT,200000,256,256,5,flink,3,13.348061716
665dc10d,typed_fingerprint,current-bigint256,BIGINT,200000,256,256,5,flink,4,13.345305891
665dc10d,typed_fingerprint,current-bigint256,BIGINT,200000,256,256,5,flink,5,13.392712742
665dc10d,typed_fingerprint,current-bigint256,BIGINT,200000,256,256,5,native,1,0.932698795
665dc10d,typed_fingerprint,current-bigint256,BIGINT,200000,256,256,5,native,2,0.911382993
665dc10d,typed_fingerprint,current-bigint256,BIGINT,200000,256,256,5,native,3,0.942381534
665dc10d,typed_fingerprint,current-bigint256,BIGINT,200000,256,256,5,native,4,0.923548030
665dc10d,typed_fingerprint,current-bigint256,BIGINT,200000,256,256,5,native,5,0.912123496
665dc10d,typed_fingerprint,current-duplicates,BIGINT,200000,64,8,5,flink,1,0.327876903
665dc10d,typed_fingerprint,current-duplicates,BIGINT,200000,64,8,5,flink,2,0.334248762
665dc10d,typed_fingerprint,current-duplicates,BIGINT,200000,64,8,5,flink,3,0.373323480
665dc10d,typed_fingerprint,current-duplicates,BIGINT,200000,64,8,5,flink,4,0.327794355
665dc10d,typed_fingerprint,current-duplicates,BIGINT,200000,64,8,5,flink,5,0.333795899
665dc10d,typed_fingerprint,current-duplicates,BIGINT,200000,64,8,5,native,1,0.241419355
665dc10d,typed_fingerprint,current-duplicates,BIGINT,200000,64,8,5,native,2,0.242889163
665dc10d,typed_fingerprint,current-duplicates,BIGINT,200000,64,8,5,native,3,0.238124150
665dc10d,typed_fingerprint,current-duplicates,BIGINT,200000,64,8,5,native,4,0.251718764
665dc10d,typed_fingerprint,current-duplicates,BIGINT,200000,64,8,5,native,5,0.243374120
665dc10d,typed_fingerprint,current-int64,INT,200000,64,64,5,flink,1,0.979422331
665dc10d,typed_fingerprint,current-int64,INT,200000,64,64,5,flink,2,0.996998877
665dc10d,typed_fingerprint,current-int64,INT,200000,64,64,5,flink,3,0.988954794
665dc10d,typed_fingerprint,current-int64,INT,200000,64,64,5,flink,4,0.985955285
665dc10d,typed_fingerprint,current-int64,INT,200000,64,64,5,flink,5,1.004995280
665dc10d,typed_fingerprint,current-int64,INT,200000,64,64,5,native,1,0.301881237
665dc10d,typed_fingerprint,current-int64,INT,200000,64,64,5,native,2,0.325419541
665dc10d,typed_fingerprint,current-int64,INT,200000,64,64,5,native,3,0.307736742
665dc10d,typed_fingerprint,current-int64,INT,200000,64,64,5,native,4,0.306345139
665dc10d,typed_fingerprint,current-int64,INT,200000,64,64,5,native,5,0.298522737
665dc10d,typed_fingerprint,current-8,BIGINT,2000000,8,8,5,flink,1,0.621014874
665dc10d,typed_fingerprint,current-8,BIGINT,2000000,8,8,5,flink,2,0.657762841
665dc10d,typed_fingerprint,current-8,BIGINT,2000000,8,8,5,flink,3,0.668113490
665dc10d,typed_fingerprint,current-8,BIGINT,2000000,8,8,5,flink,4,0.671689476
665dc10d,typed_fingerprint,current-8,BIGINT,2000000,8,8,5,flink,5,0.669046442
665dc10d,typed_fingerprint,current-8,BIGINT,2000000,8,8,5,native,1,0.580646528
665dc10d,typed_fingerprint,current-8,BIGINT,2000000,8,8,5,native,2,0.583104878
665dc10d,typed_fingerprint,current-8,BIGINT,2000000,8,8,5,native,3,0.581076070
665dc10d,typed_fingerprint,current-8,BIGINT,2000000,8,8,5,native,4,0.624563180
665dc10d,typed_fingerprint,current-8,BIGINT,2000000,8,8,5,native,5,0.580712777
665dc10d,typed_fingerprint,current-8-long,BIGINT,20000000,8,8,5,flink,1,5.682877347
665dc10d,typed_fingerprint,current-8-long,BIGINT,20000000,8,8,5,flink,2,5.893116489
665dc10d,typed_fingerprint,current-8-long,BIGINT,20000000,8,8,5,flink,3,5.659874295
665dc10d,typed_fingerprint,current-8-long,BIGINT,20000000,8,8,5,flink,4,5.874929977
665dc10d,typed_fingerprint,current-8-long,BIGINT,20000000,8,8,5,flink,5,5.943405609
665dc10d,typed_fingerprint,current-8-long,BIGINT,20000000,8,8,5,native,1,5.215025072
665dc10d,typed_fingerprint,current-8-long,BIGINT,20000000,8,8,5,native,2,5.223258553
665dc10d,typed_fingerprint,current-8-long,BIGINT,20000000,8,8,5,native,3,5.136249962
665dc10d,typed_fingerprint,current-8-long,BIGINT,20000000,8,8,5,native,4,5.241172460
665dc10d,typed_fingerprint,current-8-long,BIGINT,20000000,8,8,5,native,5,5.190227898
665dc10d,typed_fingerprint,current-repeat8long,BIGINT,20000000,8,8,5,flink,1,5.430439928
665dc10d,typed_fingerprint,current-repeat8long,BIGINT,20000000,8,8,5,flink,2,5.432914277
665dc10d,typed_fingerprint,current-repeat8long,BIGINT,20000000,8,8,5,flink,3,5.408728309
665dc10d,typed_fingerprint,current-repeat8long,BIGINT,20000000,8,8,5,flink,4,5.394277379
665dc10d,typed_fingerprint,current-repeat8long,BIGINT,20000000,8,8,5,flink,5,5.492459324
665dc10d,typed_fingerprint,current-repeat8long,BIGINT,20000000,8,8,5,native,1,5.358333369
665dc10d,typed_fingerprint,current-repeat8long,BIGINT,20000000,8,8,5,native,2,5.387600713
665dc10d,typed_fingerprint,current-repeat8long,BIGINT,20000000,8,8,5,native,3,5.431089360
665dc10d,typed_fingerprint,current-repeat8long,BIGINT,20000000,8,8,5,native,4,5.468338844
665dc10d,typed_fingerprint,current-repeat8long,BIGINT,20000000,8,8,5,native,5,5.413489369
665dc10d,admission_ablation,fallback-64,BIGINT,200000,64,64,5,flink,1,1.030884289
665dc10d,admission_ablation,fallback-64,BIGINT,200000,64,64,5,flink,2,1.071892582
665dc10d,admission_ablation,fallback-64,BIGINT,200000,64,64,5,flink,3,1.118901268
665dc10d,admission_ablation,fallback-64,BIGINT,200000,64,64,5,flink,4,1.154400538
665dc10d,admission_ablation,fallback-64,BIGINT,200000,64,64,5,flink,5,1.093367892
665dc10d,admission_ablation,fallback-64,BIGINT,200000,64,64,5,previous_fallback,1,1.045873318
665dc10d,admission_ablation,fallback-64,BIGINT,200000,64,64,5,previous_fallback,2,1.062058473
665dc10d,admission_ablation,fallback-64,BIGINT,200000,64,64,5,previous_fallback,3,1.124084421
665dc10d,admission_ablation,fallback-64,BIGINT,200000,64,64,5,previous_fallback,4,1.049067784
665dc10d,admission_ablation,fallback-64,BIGINT,200000,64,64,5,previous_fallback,5,1.040616531
665dc10d,admission_ablation,fallback-8,BIGINT,2000000,8,8,5,flink,1,0.564283236
665dc10d,admission_ablation,fallback-8,BIGINT,2000000,8,8,5,flink,2,0.557390315
665dc10d,admission_ablation,fallback-8,BIGINT,2000000,8,8,5,flink,3,0.564469323
665dc10d,admission_ablation,fallback-8,BIGINT,2000000,8,8,5,flink,4,0.545039748
665dc10d,admission_ablation,fallback-8,BIGINT,2000000,8,8,5,flink,5,0.571980712
665dc10d,admission_ablation,fallback-8,BIGINT,2000000,8,8,5,previous_fallback,1,0.561042175
665dc10d,admission_ablation,fallback-8,BIGINT,2000000,8,8,5,previous_fallback,2,0.600257987
665dc10d,admission_ablation,fallback-8,BIGINT,2000000,8,8,5,previous_fallback,3,0.607088452
665dc10d,admission_ablation,fallback-8,BIGINT,2000000,8,8,5,previous_fallback,4,0.545179811
665dc10d,admission_ablation,fallback-8,BIGINT,2000000,8,8,5,previous_fallback,5,0.580079475
