function,input,output_type,payload_bytes,json_fields,unicode,null_every,scale_null_every,rows,engine,trial,seconds
BASELINE_tt_fixed_bytes,tt_fixed_bytes,"BINARY(16)",264,0,false,0,0,2000000,flink,0,0.268021
BASELINE_tt_fixed_bytes,tt_fixed_bytes,"BINARY(16)",264,0,false,0,0,2000000,native,0,0.397338
BASELINE_tt_fixed_bytes,tt_fixed_bytes,"BINARY(16)",264,0,false,0,0,2000000,native,1,0.368195
BASELINE_tt_fixed_bytes,tt_fixed_bytes,"BINARY(16)",264,0,false,0,0,2000000,flink,1,0.270226
BASELINE_tt_fixed_bytes,tt_fixed_bytes,"BINARY(16)",264,0,false,0,0,2000000,flink,2,0.263166
BASELINE_tt_fixed_bytes,tt_fixed_bytes,"BINARY(16)",264,0,false,0,0,2000000,native,2,0.341780
BASELINE_tt_fixed_bytes,tt_fixed_bytes,"BINARY(16)",264,0,false,0,0,2000000,native,3,0.343578
BASELINE_tt_fixed_bytes,tt_fixed_bytes,"BINARY(16)",264,0,false,0,0,2000000,flink,3,0.271362
BASELINE_tt_fixed_bytes,tt_fixed_bytes,"BINARY(16)",264,0,false,0,0,2000000,flink,4,0.256799
BASELINE_tt_fixed_bytes,tt_fixed_bytes,"BINARY(16)",264,0,false,0,0,2000000,native,4,0.342548
BASELINE_text,text,"STRING",264,0,false,0,0,2000000,flink,0,0.586432
BASELINE_text,text,"STRING",264,0,false,0,0,2000000,native,0,0.716762
BASELINE_text,text,"STRING",264,0,false,0,0,2000000,native,1,0.691832
BASELINE_text,text,"STRING",264,0,false,0,0,2000000,flink,1,0.590469
BASELINE_text,text,"STRING",264,0,false,0,0,2000000,flink,2,0.601490
BASELINE_text,text,"STRING",264,0,false,0,0,2000000,native,2,0.703781
BASELINE_text,text,"STRING",264,0,false,0,0,2000000,native,3,0.680787
BASELINE_text,text,"STRING",264,0,false,0,0,2000000,flink,3,0.582858
BASELINE_text,text,"STRING",264,0,false,0,0,2000000,flink,4,0.587233
BASELINE_text,text,"STRING",264,0,false,0,0,2000000,native,4,0.716503
ELT_FIXED_BINARY,tt_fixed_bytes,"BINARY(16)",264,0,false,0,0,2000000,flink,0,0.315275
ELT_FIXED_BINARY,tt_fixed_bytes,"BINARY(16)",264,0,false,0,0,2000000,native,0,0.399158
ELT_FIXED_BINARY,tt_fixed_bytes,"BINARY(16)",264,0,false,0,0,2000000,native,1,0.401017
ELT_FIXED_BINARY,tt_fixed_bytes,"BINARY(16)",264,0,false,0,0,2000000,flink,1,0.314403
ELT_FIXED_BINARY,tt_fixed_bytes,"BINARY(16)",264,0,false,0,0,2000000,flink,2,0.315658
ELT_FIXED_BINARY,tt_fixed_bytes,"BINARY(16)",264,0,false,0,0,2000000,native,2,0.395510
ELT_FIXED_BINARY,tt_fixed_bytes,"BINARY(16)",264,0,false,0,0,2000000,native,3,0.398280
ELT_FIXED_BINARY,tt_fixed_bytes,"BINARY(16)",264,0,false,0,0,2000000,flink,3,0.313874
ELT_FIXED_BINARY,tt_fixed_bytes,"BINARY(16)",264,0,false,0,0,2000000,flink,4,0.309951
ELT_FIXED_BINARY,tt_fixed_bytes,"BINARY(16)",264,0,false,0,0,2000000,native,4,0.400436
TRY_STRING_TO_FIXED_BINARY,text,"BINARY(16)",264,0,false,0,0,2000000,flink,0,0.570646
TRY_STRING_TO_FIXED_BINARY,text,"BINARY(16)",264,0,false,0,0,2000000,native,0,0.598465
TRY_STRING_TO_FIXED_BINARY,text,"BINARY(16)",264,0,false,0,0,2000000,native,1,0.608699
TRY_STRING_TO_FIXED_BINARY,text,"BINARY(16)",264,0,false,0,0,2000000,flink,1,0.566688
TRY_STRING_TO_FIXED_BINARY,text,"BINARY(16)",264,0,false,0,0,2000000,flink,2,0.567400
TRY_STRING_TO_FIXED_BINARY,text,"BINARY(16)",264,0,false,0,0,2000000,native,2,0.605668
TRY_STRING_TO_FIXED_BINARY,text,"BINARY(16)",264,0,false,0,0,2000000,native,3,0.599455
TRY_STRING_TO_FIXED_BINARY,text,"BINARY(16)",264,0,false,0,0,2000000,flink,3,0.534952
TRY_STRING_TO_FIXED_BINARY,text,"BINARY(16)",264,0,false,0,0,2000000,flink,4,0.575138
TRY_STRING_TO_FIXED_BINARY,text,"BINARY(16)",264,0,false,0,0,2000000,native,4,0.607833
