function,input,output_type,payload_bytes,json_fields,unicode,null_every,scale_null_every,rows,engine,trial,seconds,binary_width,allocation_policy,library_sha256,operator_sha256
BASELINE_tt_fixed_bytes,tt_fixed_bytes,BINARY(256),264,0,false,7,0,2000000,flink,0,0.329002,256,original,c2d6148757fdb68ab952851afc4e77dbad8b1caeb7f6ce91d7449c69c0f6eca1,2632ca7b302dff36fc654848b432c8fe2f6aaf78ef3ed457b26711c25eec0444
BASELINE_tt_fixed_bytes,tt_fixed_bytes,BINARY(256),264,0,false,7,0,2000000,native,0,0.479224,256,original,c2d6148757fdb68ab952851afc4e77dbad8b1caeb7f6ce91d7449c69c0f6eca1,2632ca7b302dff36fc654848b432c8fe2f6aaf78ef3ed457b26711c25eec0444
BASELINE_tt_fixed_bytes,tt_fixed_bytes,BINARY(256),264,0,false,7,0,2000000,native,1,0.470056,256,original,c2d6148757fdb68ab952851afc4e77dbad8b1caeb7f6ce91d7449c69c0f6eca1,2632ca7b302dff36fc654848b432c8fe2f6aaf78ef3ed457b26711c25eec0444
BASELINE_tt_fixed_bytes,tt_fixed_bytes,BINARY(256),264,0,false,7,0,2000000,flink,1,0.322975,256,original,c2d6148757fdb68ab952851afc4e77dbad8b1caeb7f6ce91d7449c69c0f6eca1,2632ca7b302dff36fc654848b432c8fe2f6aaf78ef3ed457b26711c25eec0444
BASELINE_tt_fixed_bytes,tt_fixed_bytes,BINARY(256),264,0,false,7,0,2000000,flink,2,0.316065,256,original,c2d6148757fdb68ab952851afc4e77dbad8b1caeb7f6ce91d7449c69c0f6eca1,2632ca7b302dff36fc654848b432c8fe2f6aaf78ef3ed457b26711c25eec0444
BASELINE_tt_fixed_bytes,tt_fixed_bytes,BINARY(256),264,0,false,7,0,2000000,native,2,0.457955,256,original,c2d6148757fdb68ab952851afc4e77dbad8b1caeb7f6ce91d7449c69c0f6eca1,2632ca7b302dff36fc654848b432c8fe2f6aaf78ef3ed457b26711c25eec0444
BASELINE_tt_fixed_bytes,tt_fixed_bytes,BINARY(256),264,0,false,7,0,2000000,native,3,0.442844,256,original,c2d6148757fdb68ab952851afc4e77dbad8b1caeb7f6ce91d7449c69c0f6eca1,2632ca7b302dff36fc654848b432c8fe2f6aaf78ef3ed457b26711c25eec0444
BASELINE_tt_fixed_bytes,tt_fixed_bytes,BINARY(256),264,0,false,7,0,2000000,flink,3,0.303476,256,original,c2d6148757fdb68ab952851afc4e77dbad8b1caeb7f6ce91d7449c69c0f6eca1,2632ca7b302dff36fc654848b432c8fe2f6aaf78ef3ed457b26711c25eec0444
BASELINE_tt_fixed_bytes,tt_fixed_bytes,BINARY(256),264,0,false,7,0,2000000,flink,4,0.301230,256,original,c2d6148757fdb68ab952851afc4e77dbad8b1caeb7f6ce91d7449c69c0f6eca1,2632ca7b302dff36fc654848b432c8fe2f6aaf78ef3ed457b26711c25eec0444
BASELINE_tt_fixed_bytes,tt_fixed_bytes,BINARY(256),264,0,false,7,0,2000000,native,4,0.443491,256,original,c2d6148757fdb68ab952851afc4e77dbad8b1caeb7f6ce91d7449c69c0f6eca1,2632ca7b302dff36fc654848b432c8fe2f6aaf78ef3ed457b26711c25eec0444
ELT_FIXED_BINARY_FIRST,tt_fixed_bytes,BINARY(256),264,0,false,7,0,2000000,flink,0,0.324536,256,original,c2d6148757fdb68ab952851afc4e77dbad8b1caeb7f6ce91d7449c69c0f6eca1,2632ca7b302dff36fc654848b432c8fe2f6aaf78ef3ed457b26711c25eec0444
ELT_FIXED_BINARY_FIRST,tt_fixed_bytes,BINARY(256),264,0,false,7,0,2000000,native,0,0.431285,256,original,c2d6148757fdb68ab952851afc4e77dbad8b1caeb7f6ce91d7449c69c0f6eca1,2632ca7b302dff36fc654848b432c8fe2f6aaf78ef3ed457b26711c25eec0444
ELT_FIXED_BINARY_FIRST,tt_fixed_bytes,BINARY(256),264,0,false,7,0,2000000,native,1,0.439273,256,original,c2d6148757fdb68ab952851afc4e77dbad8b1caeb7f6ce91d7449c69c0f6eca1,2632ca7b302dff36fc654848b432c8fe2f6aaf78ef3ed457b26711c25eec0444
ELT_FIXED_BINARY_FIRST,tt_fixed_bytes,BINARY(256),264,0,false,7,0,2000000,flink,1,0.302122,256,original,c2d6148757fdb68ab952851afc4e77dbad8b1caeb7f6ce91d7449c69c0f6eca1,2632ca7b302dff36fc654848b432c8fe2f6aaf78ef3ed457b26711c25eec0444
ELT_FIXED_BINARY_FIRST,tt_fixed_bytes,BINARY(256),264,0,false,7,0,2000000,flink,2,0.307025,256,original,c2d6148757fdb68ab952851afc4e77dbad8b1caeb7f6ce91d7449c69c0f6eca1,2632ca7b302dff36fc654848b432c8fe2f6aaf78ef3ed457b26711c25eec0444
ELT_FIXED_BINARY_FIRST,tt_fixed_bytes,BINARY(256),264,0,false,7,0,2000000,native,2,0.439798,256,original,c2d6148757fdb68ab952851afc4e77dbad8b1caeb7f6ce91d7449c69c0f6eca1,2632ca7b302dff36fc654848b432c8fe2f6aaf78ef3ed457b26711c25eec0444
ELT_FIXED_BINARY_FIRST,tt_fixed_bytes,BINARY(256),264,0,false,7,0,2000000,native,3,0.434487,256,original,c2d6148757fdb68ab952851afc4e77dbad8b1caeb7f6ce91d7449c69c0f6eca1,2632ca7b302dff36fc654848b432c8fe2f6aaf78ef3ed457b26711c25eec0444
ELT_FIXED_BINARY_FIRST,tt_fixed_bytes,BINARY(256),264,0,false,7,0,2000000,flink,3,0.303438,256,original,c2d6148757fdb68ab952851afc4e77dbad8b1caeb7f6ce91d7449c69c0f6eca1,2632ca7b302dff36fc654848b432c8fe2f6aaf78ef3ed457b26711c25eec0444
ELT_FIXED_BINARY_FIRST,tt_fixed_bytes,BINARY(256),264,0,false,7,0,2000000,flink,4,0.357631,256,original,c2d6148757fdb68ab952851afc4e77dbad8b1caeb7f6ce91d7449c69c0f6eca1,2632ca7b302dff36fc654848b432c8fe2f6aaf78ef3ed457b26711c25eec0444
ELT_FIXED_BINARY_FIRST,tt_fixed_bytes,BINARY(256),264,0,false,7,0,2000000,native,4,0.433327,256,original,c2d6148757fdb68ab952851afc4e77dbad8b1caeb7f6ce91d7449c69c0f6eca1,2632ca7b302dff36fc654848b432c8fe2f6aaf78ef3ed457b26711c25eec0444
ELT_FIXED_BINARY,tt_fixed_bytes,BINARY(256),264,0,false,7,0,2000000,flink,0,0.309699,256,original,c2d6148757fdb68ab952851afc4e77dbad8b1caeb7f6ce91d7449c69c0f6eca1,2632ca7b302dff36fc654848b432c8fe2f6aaf78ef3ed457b26711c25eec0444
ELT_FIXED_BINARY,tt_fixed_bytes,BINARY(256),264,0,false,7,0,2000000,native,0,0.436607,256,original,c2d6148757fdb68ab952851afc4e77dbad8b1caeb7f6ce91d7449c69c0f6eca1,2632ca7b302dff36fc654848b432c8fe2f6aaf78ef3ed457b26711c25eec0444
ELT_FIXED_BINARY,tt_fixed_bytes,BINARY(256),264,0,false,7,0,2000000,native,1,0.431517,256,original,c2d6148757fdb68ab952851afc4e77dbad8b1caeb7f6ce91d7449c69c0f6eca1,2632ca7b302dff36fc654848b432c8fe2f6aaf78ef3ed457b26711c25eec0444
ELT_FIXED_BINARY,tt_fixed_bytes,BINARY(256),264,0,false,7,0,2000000,flink,1,0.331640,256,original,c2d6148757fdb68ab952851afc4e77dbad8b1caeb7f6ce91d7449c69c0f6eca1,2632ca7b302dff36fc654848b432c8fe2f6aaf78ef3ed457b26711c25eec0444
ELT_FIXED_BINARY,tt_fixed_bytes,BINARY(256),264,0,false,7,0,2000000,flink,2,0.357797,256,original,c2d6148757fdb68ab952851afc4e77dbad8b1caeb7f6ce91d7449c69c0f6eca1,2632ca7b302dff36fc654848b432c8fe2f6aaf78ef3ed457b26711c25eec0444
ELT_FIXED_BINARY,tt_fixed_bytes,BINARY(256),264,0,false,7,0,2000000,native,2,0.445275,256,original,c2d6148757fdb68ab952851afc4e77dbad8b1caeb7f6ce91d7449c69c0f6eca1,2632ca7b302dff36fc654848b432c8fe2f6aaf78ef3ed457b26711c25eec0444
ELT_FIXED_BINARY,tt_fixed_bytes,BINARY(256),264,0,false,7,0,2000000,native,3,0.441115,256,original,c2d6148757fdb68ab952851afc4e77dbad8b1caeb7f6ce91d7449c69c0f6eca1,2632ca7b302dff36fc654848b432c8fe2f6aaf78ef3ed457b26711c25eec0444
ELT_FIXED_BINARY,tt_fixed_bytes,BINARY(256),264,0,false,7,0,2000000,flink,3,0.298807,256,original,c2d6148757fdb68ab952851afc4e77dbad8b1caeb7f6ce91d7449c69c0f6eca1,2632ca7b302dff36fc654848b432c8fe2f6aaf78ef3ed457b26711c25eec0444
ELT_FIXED_BINARY,tt_fixed_bytes,BINARY(256),264,0,false,7,0,2000000,flink,4,0.302697,256,original,c2d6148757fdb68ab952851afc4e77dbad8b1caeb7f6ce91d7449c69c0f6eca1,2632ca7b302dff36fc654848b432c8fe2f6aaf78ef3ed457b26711c25eec0444
ELT_FIXED_BINARY,tt_fixed_bytes,BINARY(256),264,0,false,7,0,2000000,native,4,0.438402,256,original,c2d6148757fdb68ab952851afc4e77dbad8b1caeb7f6ce91d7449c69c0f6eca1,2632ca7b302dff36fc654848b432c8fe2f6aaf78ef3ed457b26711c25eec0444
BASELINE_tt_fixed_bytes,tt_fixed_bytes,BINARY(256),264,0,false,7,0,2000000,flink,0,0.339472,256,candidate,c2d6148757fdb68ab952851afc4e77dbad8b1caeb7f6ce91d7449c69c0f6eca1,15da8fe627c91068f49631ffde8e23b6ba7858aa8e3053e7f9107c02f26dd024
BASELINE_tt_fixed_bytes,tt_fixed_bytes,BINARY(256),264,0,false,7,0,2000000,native,0,0.479699,256,candidate,c2d6148757fdb68ab952851afc4e77dbad8b1caeb7f6ce91d7449c69c0f6eca1,15da8fe627c91068f49631ffde8e23b6ba7858aa8e3053e7f9107c02f26dd024
BASELINE_tt_fixed_bytes,tt_fixed_bytes,BINARY(256),264,0,false,7,0,2000000,native,1,0.431549,256,candidate,c2d6148757fdb68ab952851afc4e77dbad8b1caeb7f6ce91d7449c69c0f6eca1,15da8fe627c91068f49631ffde8e23b6ba7858aa8e3053e7f9107c02f26dd024
BASELINE_tt_fixed_bytes,tt_fixed_bytes,BINARY(256),264,0,false,7,0,2000000,flink,1,0.328100,256,candidate,c2d6148757fdb68ab952851afc4e77dbad8b1caeb7f6ce91d7449c69c0f6eca1,15da8fe627c91068f49631ffde8e23b6ba7858aa8e3053e7f9107c02f26dd024
BASELINE_tt_fixed_bytes,tt_fixed_bytes,BINARY(256),264,0,false,7,0,2000000,flink,2,0.305950,256,candidate,c2d6148757fdb68ab952851afc4e77dbad8b1caeb7f6ce91d7449c69c0f6eca1,15da8fe627c91068f49631ffde8e23b6ba7858aa8e3053e7f9107c02f26dd024
BASELINE_tt_fixed_bytes,tt_fixed_bytes,BINARY(256),264,0,false,7,0,2000000,native,2,0.428995,256,candidate,c2d6148757fdb68ab952851afc4e77dbad8b1caeb7f6ce91d7449c69c0f6eca1,15da8fe627c91068f49631ffde8e23b6ba7858aa8e3053e7f9107c02f26dd024
BASELINE_tt_fixed_bytes,tt_fixed_bytes,BINARY(256),264,0,false,7,0,2000000,native,3,0.411203,256,candidate,c2d6148757fdb68ab952851afc4e77dbad8b1caeb7f6ce91d7449c69c0f6eca1,15da8fe627c91068f49631ffde8e23b6ba7858aa8e3053e7f9107c02f26dd024
BASELINE_tt_fixed_bytes,tt_fixed_bytes,BINARY(256),264,0,false,7,0,2000000,flink,3,0.308906,256,candidate,c2d6148757fdb68ab952851afc4e77dbad8b1caeb7f6ce91d7449c69c0f6eca1,15da8fe627c91068f49631ffde8e23b6ba7858aa8e3053e7f9107c02f26dd024
BASELINE_tt_fixed_bytes,tt_fixed_bytes,BINARY(256),264,0,false,7,0,2000000,flink,4,0.310664,256,candidate,c2d6148757fdb68ab952851afc4e77dbad8b1caeb7f6ce91d7449c69c0f6eca1,15da8fe627c91068f49631ffde8e23b6ba7858aa8e3053e7f9107c02f26dd024
BASELINE_tt_fixed_bytes,tt_fixed_bytes,BINARY(256),264,0,false,7,0,2000000,native,4,0.407245,256,candidate,c2d6148757fdb68ab952851afc4e77dbad8b1caeb7f6ce91d7449c69c0f6eca1,15da8fe627c91068f49631ffde8e23b6ba7858aa8e3053e7f9107c02f26dd024
ELT_FIXED_BINARY_FIRST,tt_fixed_bytes,BINARY(256),264,0,false,7,0,2000000,flink,0,0.323729,256,candidate,c2d6148757fdb68ab952851afc4e77dbad8b1caeb7f6ce91d7449c69c0f6eca1,15da8fe627c91068f49631ffde8e23b6ba7858aa8e3053e7f9107c02f26dd024
ELT_FIXED_BINARY_FIRST,tt_fixed_bytes,BINARY(256),264,0,false,7,0,2000000,native,0,0.405863,256,candidate,c2d6148757fdb68ab952851afc4e77dbad8b1caeb7f6ce91d7449c69c0f6eca1,15da8fe627c91068f49631ffde8e23b6ba7858aa8e3053e7f9107c02f26dd024
ELT_FIXED_BINARY_FIRST,tt_fixed_bytes,BINARY(256),264,0,false,7,0,2000000,native,1,0.406092,256,candidate,c2d6148757fdb68ab952851afc4e77dbad8b1caeb7f6ce91d7449c69c0f6eca1,15da8fe627c91068f49631ffde8e23b6ba7858aa8e3053e7f9107c02f26dd024
ELT_FIXED_BINARY_FIRST,tt_fixed_bytes,BINARY(256),264,0,false,7,0,2000000,flink,1,0.336127,256,candidate,c2d6148757fdb68ab952851afc4e77dbad8b1caeb7f6ce91d7449c69c0f6eca1,15da8fe627c91068f49631ffde8e23b6ba7858aa8e3053e7f9107c02f26dd024
ELT_FIXED_BINARY_FIRST,tt_fixed_bytes,BINARY(256),264,0,false,7,0,2000000,flink,2,0.318349,256,candidate,c2d6148757fdb68ab952851afc4e77dbad8b1caeb7f6ce91d7449c69c0f6eca1,15da8fe627c91068f49631ffde8e23b6ba7858aa8e3053e7f9107c02f26dd024
ELT_FIXED_BINARY_FIRST,tt_fixed_bytes,BINARY(256),264,0,false,7,0,2000000,native,2,0.405414,256,candidate,c2d6148757fdb68ab952851afc4e77dbad8b1caeb7f6ce91d7449c69c0f6eca1,15da8fe627c91068f49631ffde8e23b6ba7858aa8e3053e7f9107c02f26dd024
ELT_FIXED_BINARY_FIRST,tt_fixed_bytes,BINARY(256),264,0,false,7,0,2000000,native,3,0.402180,256,candidate,c2d6148757fdb68ab952851afc4e77dbad8b1caeb7f6ce91d7449c69c0f6eca1,15da8fe627c91068f49631ffde8e23b6ba7858aa8e3053e7f9107c02f26dd024
ELT_FIXED_BINARY_FIRST,tt_fixed_bytes,BINARY(256),264,0,false,7,0,2000000,flink,3,0.343710,256,candidate,c2d6148757fdb68ab952851afc4e77dbad8b1caeb7f6ce91d7449c69c0f6eca1,15da8fe627c91068f49631ffde8e23b6ba7858aa8e3053e7f9107c02f26dd024
ELT_FIXED_BINARY_FIRST,tt_fixed_bytes,BINARY(256),264,0,false,7,0,2000000,flink,4,0.366844,256,candidate,c2d6148757fdb68ab952851afc4e77dbad8b1caeb7f6ce91d7449c69c0f6eca1,15da8fe627c91068f49631ffde8e23b6ba7858aa8e3053e7f9107c02f26dd024
ELT_FIXED_BINARY_FIRST,tt_fixed_bytes,BINARY(256),264,0,false,7,0,2000000,native,4,0.408679,256,candidate,c2d6148757fdb68ab952851afc4e77dbad8b1caeb7f6ce91d7449c69c0f6eca1,15da8fe627c91068f49631ffde8e23b6ba7858aa8e3053e7f9107c02f26dd024
ELT_FIXED_BINARY,tt_fixed_bytes,BINARY(256),264,0,false,7,0,2000000,flink,0,0.326082,256,candidate,c2d6148757fdb68ab952851afc4e77dbad8b1caeb7f6ce91d7449c69c0f6eca1,15da8fe627c91068f49631ffde8e23b6ba7858aa8e3053e7f9107c02f26dd024
ELT_FIXED_BINARY,tt_fixed_bytes,BINARY(256),264,0,false,7,0,2000000,native,0,0.416537,256,candidate,c2d6148757fdb68ab952851afc4e77dbad8b1caeb7f6ce91d7449c69c0f6eca1,15da8fe627c91068f49631ffde8e23b6ba7858aa8e3053e7f9107c02f26dd024
ELT_FIXED_BINARY,tt_fixed_bytes,BINARY(256),264,0,false,7,0,2000000,native,1,0.403500,256,candidate,c2d6148757fdb68ab952851afc4e77dbad8b1caeb7f6ce91d7449c69c0f6eca1,15da8fe627c91068f49631ffde8e23b6ba7858aa8e3053e7f9107c02f26dd024
ELT_FIXED_BINARY,tt_fixed_bytes,BINARY(256),264,0,false,7,0,2000000,flink,1,0.312155,256,candidate,c2d6148757fdb68ab952851afc4e77dbad8b1caeb7f6ce91d7449c69c0f6eca1,15da8fe627c91068f49631ffde8e23b6ba7858aa8e3053e7f9107c02f26dd024
ELT_FIXED_BINARY,tt_fixed_bytes,BINARY(256),264,0,false,7,0,2000000,flink,2,0.350161,256,candidate,c2d6148757fdb68ab952851afc4e77dbad8b1caeb7f6ce91d7449c69c0f6eca1,15da8fe627c91068f49631ffde8e23b6ba7858aa8e3053e7f9107c02f26dd024
ELT_FIXED_BINARY,tt_fixed_bytes,BINARY(256),264,0,false,7,0,2000000,native,2,0.408232,256,candidate,c2d6148757fdb68ab952851afc4e77dbad8b1caeb7f6ce91d7449c69c0f6eca1,15da8fe627c91068f49631ffde8e23b6ba7858aa8e3053e7f9107c02f26dd024
ELT_FIXED_BINARY,tt_fixed_bytes,BINARY(256),264,0,false,7,0,2000000,native,3,0.401455,256,candidate,c2d6148757fdb68ab952851afc4e77dbad8b1caeb7f6ce91d7449c69c0f6eca1,15da8fe627c91068f49631ffde8e23b6ba7858aa8e3053e7f9107c02f26dd024
ELT_FIXED_BINARY,tt_fixed_bytes,BINARY(256),264,0,false,7,0,2000000,flink,3,0.326006,256,candidate,c2d6148757fdb68ab952851afc4e77dbad8b1caeb7f6ce91d7449c69c0f6eca1,15da8fe627c91068f49631ffde8e23b6ba7858aa8e3053e7f9107c02f26dd024
ELT_FIXED_BINARY,tt_fixed_bytes,BINARY(256),264,0,false,7,0,2000000,flink,4,0.312226,256,candidate,c2d6148757fdb68ab952851afc4e77dbad8b1caeb7f6ce91d7449c69c0f6eca1,15da8fe627c91068f49631ffde8e23b6ba7858aa8e3053e7f9107c02f26dd024
ELT_FIXED_BINARY,tt_fixed_bytes,BINARY(256),264,0,false,7,0,2000000,native,4,0.411063,256,candidate,c2d6148757fdb68ab952851afc4e77dbad8b1caeb7f6ce91d7449c69c0f6eca1,15da8fe627c91068f49631ffde8e23b6ba7858aa8e3053e7f9107c02f26dd024
