phase,function,input,output_type,payload_bytes,json_fields,unicode,null_every,rows,engine,trial,seconds
previous-default-2m,BASELINE_numbers,numbers,BIGINT,264,0,false,0,2000000,flink,0,0.232501
previous-default-2m,BASELINE_numbers,numbers,BIGINT,264,0,false,0,2000000,native,0,0.309618
previous-default-2m,BASELINE_numbers,numbers,BIGINT,264,0,false,0,2000000,native,1,0.332527
previous-default-2m,BASELINE_numbers,numbers,BIGINT,264,0,false,0,2000000,flink,1,0.233015
previous-default-2m,BASELINE_numbers,numbers,BIGINT,264,0,false,0,2000000,flink,2,0.233172
previous-default-2m,BASELINE_numbers,numbers,BIGINT,264,0,false,0,2000000,native,2,0.304475
previous-default-2m,BASELINE_numbers,numbers,BIGINT,264,0,false,0,2000000,native,3,0.291984
previous-default-2m,BASELINE_numbers,numbers,BIGINT,264,0,false,0,2000000,flink,3,0.242690
previous-default-2m,BASELINE_numbers,numbers,BIGINT,264,0,false,0,2000000,flink,4,0.239888
previous-default-2m,BASELINE_numbers,numbers,BIGINT,264,0,false,0,2000000,native,4,0.287962
previous-default-2m,FLOAT_TRUNCATE_EXACT,numbers,DOUBLE,264,0,false,0,2000000,flink,0,0.814729
previous-default-2m,FLOAT_TRUNCATE_EXACT,numbers,DOUBLE,264,0,false,0,2000000,native,0,0.911376
previous-default-2m,FLOAT_TRUNCATE_EXACT,numbers,DOUBLE,264,0,false,0,2000000,native,1,0.888843
previous-default-2m,FLOAT_TRUNCATE_EXACT,numbers,DOUBLE,264,0,false,0,2000000,flink,1,0.830110
previous-default-2m,FLOAT_TRUNCATE_EXACT,numbers,DOUBLE,264,0,false,0,2000000,flink,2,0.846863
previous-default-2m,FLOAT_TRUNCATE_EXACT,numbers,DOUBLE,264,0,false,0,2000000,native,2,0.932271
previous-default-2m,FLOAT_TRUNCATE_EXACT,numbers,DOUBLE,264,0,false,0,2000000,native,3,0.900556
previous-default-2m,FLOAT_TRUNCATE_EXACT,numbers,DOUBLE,264,0,false,0,2000000,flink,3,0.814671
previous-default-2m,FLOAT_TRUNCATE_EXACT,numbers,DOUBLE,264,0,false,0,2000000,flink,4,0.858639
previous-default-2m,FLOAT_TRUNCATE_EXACT,numbers,DOUBLE,264,0,false,0,2000000,native,4,0.905198
bounded-default-2m,BASELINE_numbers,numbers,BIGINT,264,0,false,0,2000000,flink,0,0.234831
bounded-default-2m,BASELINE_numbers,numbers,BIGINT,264,0,false,0,2000000,native,0,0.322928
bounded-default-2m,BASELINE_numbers,numbers,BIGINT,264,0,false,0,2000000,native,1,0.314386
bounded-default-2m,BASELINE_numbers,numbers,BIGINT,264,0,false,0,2000000,flink,1,0.227331
bounded-default-2m,BASELINE_numbers,numbers,BIGINT,264,0,false,0,2000000,flink,2,0.236225
bounded-default-2m,BASELINE_numbers,numbers,BIGINT,264,0,false,0,2000000,native,2,0.299103
bounded-default-2m,BASELINE_numbers,numbers,BIGINT,264,0,false,0,2000000,native,3,0.299913
bounded-default-2m,BASELINE_numbers,numbers,BIGINT,264,0,false,0,2000000,flink,3,0.227163
bounded-default-2m,BASELINE_numbers,numbers,BIGINT,264,0,false,0,2000000,flink,4,0.230806
bounded-default-2m,BASELINE_numbers,numbers,BIGINT,264,0,false,0,2000000,native,4,0.291978
bounded-default-2m,TAN_EXACT,numbers,DOUBLE,264,0,false,0,2000000,flink,0,0.304649
bounded-default-2m,TAN_EXACT,numbers,DOUBLE,264,0,false,0,2000000,native,0,0.434697
bounded-default-2m,TAN_EXACT,numbers,DOUBLE,264,0,false,0,2000000,native,1,0.427751
bounded-default-2m,TAN_EXACT,numbers,DOUBLE,264,0,false,0,2000000,flink,1,0.315218
bounded-default-2m,TAN_EXACT,numbers,DOUBLE,264,0,false,0,2000000,flink,2,0.311825
bounded-default-2m,TAN_EXACT,numbers,DOUBLE,264,0,false,0,2000000,native,2,0.430131
bounded-default-2m,TAN_EXACT,numbers,DOUBLE,264,0,false,0,2000000,native,3,0.411283
bounded-default-2m,TAN_EXACT,numbers,DOUBLE,264,0,false,0,2000000,flink,3,0.300373
bounded-default-2m,TAN_EXACT,numbers,DOUBLE,264,0,false,0,2000000,flink,4,0.308753
bounded-default-2m,TAN_EXACT,numbers,DOUBLE,264,0,false,0,2000000,native,4,0.422987
bounded-default-2m,COSH_EXACT,numbers,DOUBLE,264,0,false,0,2000000,flink,0,0.312398
bounded-default-2m,COSH_EXACT,numbers,DOUBLE,264,0,false,0,2000000,native,0,0.411044
bounded-default-2m,COSH_EXACT,numbers,DOUBLE,264,0,false,0,2000000,native,1,0.408650
bounded-default-2m,COSH_EXACT,numbers,DOUBLE,264,0,false,0,2000000,flink,1,0.298775
bounded-default-2m,COSH_EXACT,numbers,DOUBLE,264,0,false,0,2000000,flink,2,0.302555
bounded-default-2m,COSH_EXACT,numbers,DOUBLE,264,0,false,0,2000000,native,2,0.411462
bounded-default-2m,COSH_EXACT,numbers,DOUBLE,264,0,false,0,2000000,native,3,0.406108
bounded-default-2m,COSH_EXACT,numbers,DOUBLE,264,0,false,0,2000000,flink,3,0.297912
bounded-default-2m,COSH_EXACT,numbers,DOUBLE,264,0,false,0,2000000,flink,4,0.292569
bounded-default-2m,COSH_EXACT,numbers,DOUBLE,264,0,false,0,2000000,native,4,0.418200
bounded-default-2m,FLOAT_TRUNCATE_EXACT,numbers,DOUBLE,264,0,false,0,2000000,flink,0,0.833547
bounded-default-2m,FLOAT_TRUNCATE_EXACT,numbers,DOUBLE,264,0,false,0,2000000,native,0,0.435531
bounded-default-2m,FLOAT_TRUNCATE_EXACT,numbers,DOUBLE,264,0,false,0,2000000,native,1,0.424113
bounded-default-2m,FLOAT_TRUNCATE_EXACT,numbers,DOUBLE,264,0,false,0,2000000,flink,1,0.839638
bounded-default-2m,FLOAT_TRUNCATE_EXACT,numbers,DOUBLE,264,0,false,0,2000000,flink,2,0.839091
bounded-default-2m,FLOAT_TRUNCATE_EXACT,numbers,DOUBLE,264,0,false,0,2000000,native,2,0.434246
bounded-default-2m,FLOAT_TRUNCATE_EXACT,numbers,DOUBLE,264,0,false,0,2000000,native,3,0.428535
bounded-default-2m,FLOAT_TRUNCATE_EXACT,numbers,DOUBLE,264,0,false,0,2000000,flink,3,0.845275
bounded-default-2m,FLOAT_TRUNCATE_EXACT,numbers,DOUBLE,264,0,false,0,2000000,flink,4,0.837091
bounded-default-2m,FLOAT_TRUNCATE_EXACT,numbers,DOUBLE,264,0,false,0,2000000,native,4,0.434070
bounded-default-5m,BASELINE_numbers,numbers,BIGINT,264,0,false,0,5000000,flink,0,0.466707
bounded-default-5m,BASELINE_numbers,numbers,BIGINT,264,0,false,0,5000000,native,0,0.632410
bounded-default-5m,BASELINE_numbers,numbers,BIGINT,264,0,false,0,5000000,native,1,0.643227
bounded-default-5m,BASELINE_numbers,numbers,BIGINT,264,0,false,0,5000000,flink,1,0.458033
bounded-default-5m,BASELINE_numbers,numbers,BIGINT,264,0,false,0,5000000,flink,2,0.474918
bounded-default-5m,BASELINE_numbers,numbers,BIGINT,264,0,false,0,5000000,native,2,0.633720
bounded-default-5m,BASELINE_numbers,numbers,BIGINT,264,0,false,0,5000000,native,3,0.616707
bounded-default-5m,BASELINE_numbers,numbers,BIGINT,264,0,false,0,5000000,flink,3,0.461070
bounded-default-5m,BASELINE_numbers,numbers,BIGINT,264,0,false,0,5000000,flink,4,0.468935
bounded-default-5m,BASELINE_numbers,numbers,BIGINT,264,0,false,0,5000000,native,4,0.625895
bounded-default-5m,FLOAT_TRUNCATE_EXACT,numbers,DOUBLE,264,0,false,0,5000000,flink,0,1.984535
bounded-default-5m,FLOAT_TRUNCATE_EXACT,numbers,DOUBLE,264,0,false,0,5000000,native,0,0.972731
bounded-default-5m,FLOAT_TRUNCATE_EXACT,numbers,DOUBLE,264,0,false,0,5000000,native,1,0.960001
bounded-default-5m,FLOAT_TRUNCATE_EXACT,numbers,DOUBLE,264,0,false,0,5000000,flink,1,1.980169
bounded-default-5m,FLOAT_TRUNCATE_EXACT,numbers,DOUBLE,264,0,false,0,5000000,flink,2,1.968163
bounded-default-5m,FLOAT_TRUNCATE_EXACT,numbers,DOUBLE,264,0,false,0,5000000,native,2,0.951237
bounded-default-5m,FLOAT_TRUNCATE_EXACT,numbers,DOUBLE,264,0,false,0,5000000,native,3,0.960785
bounded-default-5m,FLOAT_TRUNCATE_EXACT,numbers,DOUBLE,264,0,false,0,5000000,flink,3,1.974969
bounded-default-5m,FLOAT_TRUNCATE_EXACT,numbers,DOUBLE,264,0,false,0,5000000,flink,4,1.983482
bounded-default-5m,FLOAT_TRUNCATE_EXACT,numbers,DOUBLE,264,0,false,0,5000000,native,4,0.963466
