package,suite,case,allocation_calls,requested_bytes,shared_output_buffer_bytes,new_output_buffer_bytes
streamfusion,jvm_truncate,released_flink/16/bounded/nulls=false,84,5248,0,128
streamfusion,jvm_truncate,bounded_shortcut/16/bounded/nulls=false,84,5248,0,128
streamfusion,jvm_truncate,generated_flink/16/bounded/nulls=false,84,5248,0,128
streamfusion,jvm_truncate,borrowed_shortcut/16/bounded/nulls=false,84,5248,0,128
streamfusion,jvm_truncate,released_flink/16/bounded/nulls=true,88,5424,0,130
streamfusion,jvm_truncate,bounded_shortcut/16/bounded/nulls=true,88,5424,0,130
streamfusion,jvm_truncate,generated_flink/16/bounded/nulls=true,88,5424,0,130
streamfusion,jvm_truncate,borrowed_shortcut/16/bounded/nulls=true,88,5424,0,130
streamfusion,jvm_truncate,released_flink/16/decimal_boundary/nulls=false,84,5248,0,128
streamfusion,jvm_truncate,bounded_shortcut/16/decimal_boundary/nulls=false,84,5248,0,128
streamfusion,jvm_truncate,generated_flink/16/decimal_boundary/nulls=false,84,5248,0,128
streamfusion,jvm_truncate,borrowed_shortcut/16/decimal_boundary/nulls=false,84,5248,0,128
streamfusion,jvm_truncate,released_flink/16/decimal_boundary/nulls=true,88,5424,0,130
streamfusion,jvm_truncate,bounded_shortcut/16/decimal_boundary/nulls=true,88,5424,0,130
streamfusion,jvm_truncate,generated_flink/16/decimal_boundary/nulls=true,88,5424,0,130
streamfusion,jvm_truncate,borrowed_shortcut/16/decimal_boundary/nulls=true,88,5424,0,130
streamfusion,jvm_truncate,released_flink/16/decimal_ambiguous/nulls=false,84,5248,0,128
streamfusion,jvm_truncate,bounded_shortcut/16/decimal_ambiguous/nulls=false,84,5248,0,128
streamfusion,jvm_truncate,generated_flink/16/decimal_ambiguous/nulls=false,84,5248,0,128
streamfusion,jvm_truncate,borrowed_shortcut/16/decimal_ambiguous/nulls=false,84,5248,0,128
streamfusion,jvm_truncate,released_flink/16/decimal_ambiguous/nulls=true,88,5424,0,130
streamfusion,jvm_truncate,bounded_shortcut/16/decimal_ambiguous/nulls=true,88,5424,0,130
streamfusion,jvm_truncate,generated_flink/16/decimal_ambiguous/nulls=true,88,5424,0,130
streamfusion,jvm_truncate,borrowed_shortcut/16/decimal_ambiguous/nulls=true,88,5424,0,130
streamfusion,jvm_truncate,released_flink/16/outside_domain/nulls=false,84,5248,0,128
streamfusion,jvm_truncate,bounded_shortcut/16/outside_domain/nulls=false,84,5248,0,128
streamfusion,jvm_truncate,generated_flink/16/outside_domain/nulls=false,84,5248,0,128
streamfusion,jvm_truncate,borrowed_shortcut/16/outside_domain/nulls=false,84,5248,0,128
streamfusion,jvm_truncate,released_flink/16/outside_domain/nulls=true,88,5424,0,130
streamfusion,jvm_truncate,bounded_shortcut/16/outside_domain/nulls=true,88,5424,0,130
streamfusion,jvm_truncate,generated_flink/16/outside_domain/nulls=true,88,5424,0,130
streamfusion,jvm_truncate,borrowed_shortcut/16/outside_domain/nulls=true,88,5424,0,130
streamfusion,jvm_truncate,released_flink/1024/bounded/nulls=false,84,5248,0,8192
streamfusion,jvm_truncate,bounded_shortcut/1024/bounded/nulls=false,84,5248,0,8192
streamfusion,jvm_truncate,generated_flink/1024/bounded/nulls=false,84,5248,0,8192
streamfusion,jvm_truncate,borrowed_shortcut/1024/bounded/nulls=false,84,5248,0,8192
streamfusion,jvm_truncate,released_flink/1024/bounded/nulls=true,88,5616,0,8320
streamfusion,jvm_truncate,bounded_shortcut/1024/bounded/nulls=true,88,5616,0,8320
streamfusion,jvm_truncate,generated_flink/1024/bounded/nulls=true,88,5616,0,8320
streamfusion,jvm_truncate,borrowed_shortcut/1024/bounded/nulls=true,88,5616,0,8320
streamfusion,jvm_truncate,released_flink/1024/decimal_boundary/nulls=false,84,5248,0,8192
streamfusion,jvm_truncate,bounded_shortcut/1024/decimal_boundary/nulls=false,84,5248,0,8192
streamfusion,jvm_truncate,generated_flink/1024/decimal_boundary/nulls=false,84,5248,0,8192
streamfusion,jvm_truncate,borrowed_shortcut/1024/decimal_boundary/nulls=false,84,5248,0,8192
streamfusion,jvm_truncate,released_flink/1024/decimal_boundary/nulls=true,88,5616,0,8320
streamfusion,jvm_truncate,bounded_shortcut/1024/decimal_boundary/nulls=true,88,5616,0,8320
streamfusion,jvm_truncate,generated_flink/1024/decimal_boundary/nulls=true,88,5616,0,8320
streamfusion,jvm_truncate,borrowed_shortcut/1024/decimal_boundary/nulls=true,88,5616,0,8320
streamfusion,jvm_truncate,released_flink/1024/decimal_ambiguous/nulls=false,84,5248,0,8192
streamfusion,jvm_truncate,bounded_shortcut/1024/decimal_ambiguous/nulls=false,84,5248,0,8192
streamfusion,jvm_truncate,generated_flink/1024/decimal_ambiguous/nulls=false,84,5248,0,8192
streamfusion,jvm_truncate,borrowed_shortcut/1024/decimal_ambiguous/nulls=false,84,5248,0,8192
streamfusion,jvm_truncate,released_flink/1024/decimal_ambiguous/nulls=true,88,5616,0,8320
streamfusion,jvm_truncate,bounded_shortcut/1024/decimal_ambiguous/nulls=true,88,5616,0,8320
streamfusion,jvm_truncate,generated_flink/1024/decimal_ambiguous/nulls=true,88,5616,0,8320
streamfusion,jvm_truncate,borrowed_shortcut/1024/decimal_ambiguous/nulls=true,88,5616,0,8320
streamfusion,jvm_truncate,released_flink/1024/outside_domain/nulls=false,84,5248,0,8192
streamfusion,jvm_truncate,bounded_shortcut/1024/outside_domain/nulls=false,84,5248,0,8192
streamfusion,jvm_truncate,generated_flink/1024/outside_domain/nulls=false,84,5248,0,8192
streamfusion,jvm_truncate,borrowed_shortcut/1024/outside_domain/nulls=false,84,5248,0,8192
streamfusion,jvm_truncate,released_flink/1024/outside_domain/nulls=true,88,5616,0,8320
streamfusion,jvm_truncate,bounded_shortcut/1024/outside_domain/nulls=true,88,5616,0,8320
streamfusion,jvm_truncate,generated_flink/1024/outside_domain/nulls=true,88,5616,0,8320
streamfusion,jvm_truncate,borrowed_shortcut/1024/outside_domain/nulls=true,88,5616,0,8320
streamfusion,jvm_truncate,released_flink/16384/bounded/nulls=false,84,5248,0,131072
streamfusion,jvm_truncate,bounded_shortcut/16384/bounded/nulls=false,84,5248,0,131072
streamfusion,jvm_truncate,generated_flink/16384/bounded/nulls=false,84,5248,0,131072
streamfusion,jvm_truncate,borrowed_shortcut/16384/bounded/nulls=false,84,5248,0,131072
streamfusion,jvm_truncate,released_flink/16384/bounded/nulls=true,88,9456,0,133120
streamfusion,jvm_truncate,bounded_shortcut/16384/bounded/nulls=true,88,9456,0,133120
streamfusion,jvm_truncate,generated_flink/16384/bounded/nulls=true,88,9456,0,133120
streamfusion,jvm_truncate,borrowed_shortcut/16384/bounded/nulls=true,88,9456,0,133120
streamfusion,jvm_truncate,released_flink/16384/decimal_boundary/nulls=false,84,5248,0,131072
streamfusion,jvm_truncate,bounded_shortcut/16384/decimal_boundary/nulls=false,84,5248,0,131072
streamfusion,jvm_truncate,generated_flink/16384/decimal_boundary/nulls=false,84,5248,0,131072
streamfusion,jvm_truncate,borrowed_shortcut/16384/decimal_boundary/nulls=false,84,5248,0,131072
streamfusion,jvm_truncate,released_flink/16384/decimal_boundary/nulls=true,88,9456,0,133120
streamfusion,jvm_truncate,bounded_shortcut/16384/decimal_boundary/nulls=true,88,9456,0,133120
streamfusion,jvm_truncate,generated_flink/16384/decimal_boundary/nulls=true,88,9456,0,133120
streamfusion,jvm_truncate,borrowed_shortcut/16384/decimal_boundary/nulls=true,88,9456,0,133120
streamfusion,jvm_truncate,released_flink/16384/decimal_ambiguous/nulls=false,84,5248,0,131072
streamfusion,jvm_truncate,bounded_shortcut/16384/decimal_ambiguous/nulls=false,84,5248,0,131072
streamfusion,jvm_truncate,generated_flink/16384/decimal_ambiguous/nulls=false,84,5248,0,131072
streamfusion,jvm_truncate,borrowed_shortcut/16384/decimal_ambiguous/nulls=false,84,5248,0,131072
streamfusion,jvm_truncate,released_flink/16384/decimal_ambiguous/nulls=true,88,9456,0,133120
streamfusion,jvm_truncate,bounded_shortcut/16384/decimal_ambiguous/nulls=true,88,9456,0,133120
streamfusion,jvm_truncate,generated_flink/16384/decimal_ambiguous/nulls=true,88,9456,0,133120
streamfusion,jvm_truncate,borrowed_shortcut/16384/decimal_ambiguous/nulls=true,88,9456,0,133120
streamfusion,jvm_truncate,released_flink/16384/outside_domain/nulls=false,84,5248,0,131072
streamfusion,jvm_truncate,bounded_shortcut/16384/outside_domain/nulls=false,84,5248,0,131072
streamfusion,jvm_truncate,generated_flink/16384/outside_domain/nulls=false,84,5248,0,131072
streamfusion,jvm_truncate,borrowed_shortcut/16384/outside_domain/nulls=false,84,5248,0,131072
streamfusion,jvm_truncate,released_flink/16384/outside_domain/nulls=true,88,9456,0,133120
streamfusion,jvm_truncate,bounded_shortcut/16384/outside_domain/nulls=true,88,9456,0,133120
streamfusion,jvm_truncate,generated_flink/16384/outside_domain/nulls=true,88,9456,0,133120
streamfusion,jvm_truncate,borrowed_shortcut/16384/outside_domain/nulls=true,88,9456,0,133120
