recording,event,total_samples,inclusive_scope,samples
fluss-cpu/flink-q0,cpu,9503,compression,330
fluss-cpu/flink-q0,cpu,9503,copies,4
fluss-cpu/flink-q0,cpu,9503,crc,1
fluss-cpu/flink-q0,cpu,9503,netty,399
fluss-cpu/flink-q0,cpu,9503,rocksdb,6
fluss-cpu/flink-q0,cpu,9503,sdk.close,5
fluss-cpu/flink-q14,cpu,7144,compression,414
fluss-cpu/flink-q14,cpu,7144,copies,9
fluss-cpu/flink-q14,cpu,7144,crc,1
fluss-cpu/flink-q14,cpu,7144,netty,452
fluss-cpu/flink-q14,cpu,7144,rocksdb,4
fluss-cpu/flink-q14,cpu,7144,sdk.close,4
fluss-cpu/flink-q20,cpu,57348,compression,390
fluss-cpu/flink-q20,cpu,57348,copies,63
fluss-cpu/flink-q20,cpu,57348,crc,3
fluss-cpu/flink-q20,cpu,57348,netty,341
fluss-cpu/flink-q20,cpu,57348,rocksdb,44701
fluss-cpu/flink-q20,cpu,57348,sdk.close,6
fluss-cpu/streamfusion-q0,cpu,2822,arrow.bridge,684
fluss-cpu/streamfusion-q0,cpu,2822,compression,408
fluss-cpu/streamfusion-q0,cpu,2822,copies,2
fluss-cpu/streamfusion-q0,cpu,2822,crc,1
fluss-cpu/streamfusion-q0,cpu,2822,ffi.alignment,1
fluss-cpu/streamfusion-q0,cpu,2822,fluss.close,1
fluss-cpu/streamfusion-q0,cpu,2822,fluss.decode,199
fluss-cpu/streamfusion-q0,cpu,2822,fluss.encode,257
fluss-cpu/streamfusion-q0,cpu,2822,fluss.fetch,223
fluss-cpu/streamfusion-q0,cpu,2822,fluss.produce,76
fluss-cpu/streamfusion-q0,cpu,2822,jni,269
fluss-cpu/streamfusion-q0,cpu,2822,netty,189
fluss-cpu/streamfusion-q0,cpu,2822,rocksdb,6
fluss-cpu/streamfusion-q0,cpu,2822,sdk.close,1
fluss-cpu/streamfusion-q14,cpu,6085,arrow.bridge,2518
fluss-cpu/streamfusion-q14,cpu,6085,compression,433
fluss-cpu/streamfusion-q14,cpu,6085,copies,9
fluss-cpu/streamfusion-q14,cpu,6085,fluss.decode,185
fluss-cpu/streamfusion-q14,cpu,6085,fluss.encode,290
fluss-cpu/streamfusion-q14,cpu,6085,fluss.fetch,204
fluss-cpu/streamfusion-q14,cpu,6085,fluss.produce,69
fluss-cpu/streamfusion-q14,cpu,6085,jni,2049
fluss-cpu/streamfusion-q14,cpu,6085,netty,185
fluss-cpu/streamfusion-q14,cpu,6085,rocksdb,5
fluss-cpu/streamfusion-q20,cpu,19052,arrow.bridge,1928
fluss-cpu/streamfusion-q20,cpu,19052,compression,540
fluss-cpu/streamfusion-q20,cpu,19052,copies,32
fluss-cpu/streamfusion-q20,cpu,19052,crc,7
fluss-cpu/streamfusion-q20,cpu,19052,ffi.alignment,8
fluss-cpu/streamfusion-q20,cpu,19052,fluss.close,1
fluss-cpu/streamfusion-q20,cpu,19052,fluss.decode,398
fluss-cpu/streamfusion-q20,cpu,19052,fluss.encode,247
fluss-cpu/streamfusion-q20,cpu,19052,fluss.fetch,435
fluss-cpu/streamfusion-q20,cpu,19052,fluss.produce,121
fluss-cpu/streamfusion-q20,cpu,19052,jni,11575
fluss-cpu/streamfusion-q20,cpu,19052,netty,353
fluss-cpu/streamfusion-q20,cpu,19052,rocksdb,11518
fluss-cpu/streamfusion-q20,cpu,19052,sdk.close,4
fluss-final-wall/flink-q0,wall,836417,compression,340
fluss-final-wall/flink-q0,wall,836417,copies,14
fluss-final-wall/flink-q0,wall,836417,crc,1
fluss-final-wall/flink-q0,wall,836417,netty,150606
fluss-final-wall/flink-q0,wall,836417,rocksdb,19289
fluss-final-wall/flink-q0,wall,836417,sdk.close,16001
fluss-final-wall/flink-q20,wall,2686238,compression,329
fluss-final-wall/flink-q20,wall,2686238,copies,49
fluss-final-wall/flink-q20,wall,2686238,crc,1
fluss-final-wall/flink-q20,wall,2686238,netty,408433
fluss-final-wall/flink-q20,wall,2686238,rocksdb,263167
fluss-final-wall/flink-q20,wall,2686238,sdk.close,23987
fluss-final-wall/streamfusion-q0,wall,68398,arrow.bridge,601
fluss-final-wall/streamfusion-q0,wall,68398,compression,318
fluss-final-wall/streamfusion-q0,wall,68398,crc,1
fluss-final-wall/streamfusion-q0,wall,68398,ffi.alignment,1
fluss-final-wall/streamfusion-q0,wall,68398,fluss.close,1
fluss-final-wall/streamfusion-q0,wall,68398,fluss.decode,179
fluss-final-wall/streamfusion-q0,wall,68398,fluss.encode,177
fluss-final-wall/streamfusion-q0,wall,68398,fluss.fetch,411
fluss-final-wall/streamfusion-q0,wall,68398,fluss.produce,2000
fluss-final-wall/streamfusion-q0,wall,68398,jni,212
fluss-final-wall/streamfusion-q0,wall,68398,netty,4370
fluss-final-wall/streamfusion-q0,wall,68398,rocksdb,1705
fluss-final-wall/streamfusion-q0,wall,68398,sdk.close,2
fluss-final-wall/streamfusion-q20,wall,856733,arrow.bridge,1773
fluss-final-wall/streamfusion-q20,wall,856733,compression,525
fluss-final-wall/streamfusion-q20,wall,856733,copies,29
fluss-final-wall/streamfusion-q20,wall,856733,crc,5
fluss-final-wall/streamfusion-q20,wall,856733,ffi.alignment,6
fluss-final-wall/streamfusion-q20,wall,856733,fluss.close,2
fluss-final-wall/streamfusion-q20,wall,856733,fluss.decode,350
fluss-final-wall/streamfusion-q20,wall,856733,fluss.encode,262
fluss-final-wall/streamfusion-q20,wall,856733,fluss.fetch,512
fluss-final-wall/streamfusion-q20,wall,856733,fluss.produce,1945
fluss-final-wall/streamfusion-q20,wall,856733,jni,15702
fluss-final-wall/streamfusion-q20,wall,856733,netty,48466
fluss-final-wall/streamfusion-q20,wall,856733,rocksdb,36434
fluss-final-wall/streamfusion-q20,wall,856733,sdk.close,2
fluss-q23-cpu/flink-q23,cpu,75995,compression,1094
fluss-q23-cpu/flink-q23,cpu,75995,copies,554
fluss-q23-cpu/flink-q23,cpu,75995,crc,12
fluss-q23-cpu/flink-q23,cpu,75995,netty,1519
fluss-q23-cpu/flink-q23,cpu,75995,rocksdb,50912
fluss-q23-cpu/flink-q23,cpu,75995,sdk.close,11
fluss-q23-cpu/streamfusion-q23,cpu,23527,arrow.bridge,1639
fluss-q23-cpu/streamfusion-q23,cpu,23527,compression,820
fluss-q23-cpu/streamfusion-q23,cpu,23527,copies,40
fluss-q23-cpu/streamfusion-q23,cpu,23527,crc,7
fluss-q23-cpu/streamfusion-q23,cpu,23527,ffi.alignment,13
fluss-q23-cpu/streamfusion-q23,cpu,23527,fluss.close,1
fluss-q23-cpu/streamfusion-q23,cpu,23527,fluss.decode,404
fluss-q23-cpu/streamfusion-q23,cpu,23527,fluss.encode,504
fluss-q23-cpu/streamfusion-q23,cpu,23527,fluss.fetch,459
fluss-q23-cpu/streamfusion-q23,cpu,23527,fluss.produce,169
fluss-q23-cpu/streamfusion-q23,cpu,23527,jni,16616
fluss-q23-cpu/streamfusion-q23,cpu,23527,netty,466
fluss-q23-cpu/streamfusion-q23,cpu,23527,rocksdb,18135
fluss-state-cpu/flink-q5,cpu,25751,arrow.bridge,4
fluss-state-cpu/flink-q5,cpu,25751,compression,200
fluss-state-cpu/flink-q5,cpu,25751,copies,82
fluss-state-cpu/flink-q5,cpu,25751,crc,19
fluss-state-cpu/flink-q5,cpu,25751,netty,126
fluss-state-cpu/flink-q5,cpu,25751,rocksdb,17969
fluss-state-cpu/flink-q5,cpu,25751,sdk.close,2
fluss-state-cpu/flink-q7,cpu,27622,compression,169
fluss-state-cpu/flink-q7,cpu,27622,copies,91
fluss-state-cpu/flink-q7,cpu,27622,crc,1
fluss-state-cpu/flink-q7,cpu,27622,netty,214
fluss-state-cpu/flink-q7,cpu,27622,rocksdb,15696
fluss-state-cpu/flink-q7,cpu,27622,sdk.close,2
fluss-state-cpu/streamfusion-q5,cpu,36660,arrow.bridge,1719
fluss-state-cpu/streamfusion-q5,cpu,36660,compression,358
fluss-state-cpu/streamfusion-q5,cpu,36660,copies,50
fluss-state-cpu/streamfusion-q5,cpu,36660,crc,6
fluss-state-cpu/streamfusion-q5,cpu,36660,ffi.alignment,2
fluss-state-cpu/streamfusion-q5,cpu,36660,fluss.decode,389
fluss-state-cpu/streamfusion-q5,cpu,36660,fluss.encode,8
fluss-state-cpu/streamfusion-q5,cpu,36660,fluss.fetch,426
fluss-state-cpu/streamfusion-q5,cpu,36660,jni,29972
fluss-state-cpu/streamfusion-q5,cpu,36660,netty,68
fluss-state-cpu/streamfusion-q5,cpu,36660,rocksdb,30685
fluss-state-cpu/streamfusion-q7,cpu,14265,arrow.bridge,1247
fluss-state-cpu/streamfusion-q7,cpu,14265,compression,378
fluss-state-cpu/streamfusion-q7,cpu,14265,copies,24
fluss-state-cpu/streamfusion-q7,cpu,14265,crc,1
fluss-state-cpu/streamfusion-q7,cpu,14265,ffi.alignment,7
fluss-state-cpu/streamfusion-q7,cpu,14265,fluss.decode,366
fluss-state-cpu/streamfusion-q7,cpu,14265,fluss.encode,66
fluss-state-cpu/streamfusion-q7,cpu,14265,fluss.fetch,407
fluss-state-cpu/streamfusion-q7,cpu,14265,fluss.produce,61
fluss-state-cpu/streamfusion-q7,cpu,14265,jni,8712
fluss-state-cpu/streamfusion-q7,cpu,14265,netty,207
fluss-state-cpu/streamfusion-q7,cpu,14265,rocksdb,9312
fluss-wall/flink-q0,wall,901310,compression,244
fluss-wall/flink-q0,wall,901310,copies,2
fluss-wall/flink-q0,wall,901310,crc,1
fluss-wall/flink-q0,wall,901310,netty,156661
fluss-wall/flink-q0,wall,901310,rocksdb,20266
fluss-wall/flink-q0,wall,901310,sdk.close,16006
fluss-wall/flink-q20,wall,4578863,compression,309
fluss-wall/flink-q20,wall,4578863,copies,42
fluss-wall/flink-q20,wall,4578863,netty,641061
fluss-wall/flink-q20,wall,4578863,rocksdb,423319
fluss-wall/flink-q20,wall,4578863,sdk.close,23943
fluss-wall/streamfusion-q0,wall,364631,arrow.bridge,530
fluss-wall/streamfusion-q0,wall,364631,compression,318
fluss-wall/streamfusion-q0,wall,364631,crc,1
fluss-wall/streamfusion-q0,wall,364631,ffi.alignment,1
fluss-wall/streamfusion-q0,wall,364631,fluss.close,2004
fluss-wall/streamfusion-q0,wall,364631,fluss.decode,189
fluss-wall/streamfusion-q0,wall,364631,fluss.encode,168
fluss-wall/streamfusion-q0,wall,364631,fluss.fetch,408
fluss-wall/streamfusion-q0,wall,364631,fluss.produce,1430
fluss-wall/streamfusion-q0,wall,364631,jni,194
fluss-wall/streamfusion-q0,wall,364631,netty,32973
fluss-wall/streamfusion-q0,wall,364631,rocksdb,9658
fluss-wall/streamfusion-q0,wall,364631,sdk.close,2007
fluss-wall/streamfusion-q20,wall,3904470,arrow.bridge,1547
fluss-wall/streamfusion-q20,wall,3904470,compression,555
fluss-wall/streamfusion-q20,wall,3904470,copies,25
fluss-wall/streamfusion-q20,wall,3904470,crc,4
fluss-wall/streamfusion-q20,wall,3904470,ffi.alignment,6
fluss-wall/streamfusion-q20,wall,3904470,fluss.close,2005
fluss-wall/streamfusion-q20,wall,3904470,fluss.decode,409
fluss-wall/streamfusion-q20,wall,3904470,fluss.encode,236
fluss-wall/streamfusion-q20,wall,3904470,fluss.fetch,562
fluss-wall/streamfusion-q20,wall,3904470,fluss.produce,5706
fluss-wall/streamfusion-q20,wall,3904470,jni,37710
fluss-wall/streamfusion-q20,wall,3904470,netty,228634
fluss-wall/streamfusion-q20,wall,3904470,rocksdb,121965
fluss-wall/streamfusion-q20,wall,3904470,sdk.close,2010
kafka-cpu/flink-q0,cpu,14780,copies,3
kafka-cpu/flink-q0,cpu,14780,crc,47
kafka-cpu/flink-q0,cpu,14780,rocksdb,12
kafka-cpu/flink-q14,cpu,10809,copies,2
kafka-cpu/flink-q14,cpu,10809,crc,42
kafka-cpu/flink-q14,cpu,10809,netty,1
kafka-cpu/flink-q14,cpu,10809,rocksdb,10
kafka-cpu/flink-q20,cpu,30079,copies,81
kafka-cpu/flink-q20,cpu,30079,crc,29
kafka-cpu/flink-q20,cpu,30079,netty,108
kafka-cpu/flink-q20,cpu,30079,rocksdb,18358
kafka-cpu/streamfusion-q0,cpu,7751,arrow.bridge,1639
kafka-cpu/streamfusion-q0,cpu,7751,copies,108
kafka-cpu/streamfusion-q0,cpu,7751,crc,80
kafka-cpu/streamfusion-q0,cpu,7751,ffi.alignment,1
kafka-cpu/streamfusion-q0,cpu,7751,jni,2159
kafka-cpu/streamfusion-q0,cpu,7751,rocksdb,13
kafka-cpu/streamfusion-q14,cpu,9873,arrow.bridge,3857
kafka-cpu/streamfusion-q14,cpu,9873,copies,108
kafka-cpu/streamfusion-q14,cpu,9873,crc,68
kafka-cpu/streamfusion-q14,cpu,9873,ffi.alignment,2
kafka-cpu/streamfusion-q14,cpu,9873,jni,4440
kafka-cpu/streamfusion-q14,cpu,9873,rocksdb,5
kafka-cpu/streamfusion-q20,cpu,21679,arrow.bridge,1153
kafka-cpu/streamfusion-q20,cpu,21679,copies,115
kafka-cpu/streamfusion-q20,cpu,21679,crc,26
kafka-cpu/streamfusion-q20,cpu,21679,ffi.alignment,8
kafka-cpu/streamfusion-q20,cpu,21679,jni,14488
kafka-cpu/streamfusion-q20,cpu,21679,netty,25
kafka-cpu/streamfusion-q20,cpu,21679,rocksdb,14253
kafka-state-cpu/flink-q5,cpu,24369,copies,73
kafka-state-cpu/flink-q5,cpu,24369,crc,24
kafka-state-cpu/flink-q5,cpu,24369,netty,12
kafka-state-cpu/flink-q5,cpu,24369,rocksdb,11051
kafka-state-cpu/flink-q7,cpu,38654,copies,72
kafka-state-cpu/flink-q7,cpu,38654,crc,30
kafka-state-cpu/flink-q7,cpu,38654,netty,79
kafka-state-cpu/flink-q7,cpu,38654,rocksdb,16243
kafka-state-cpu/streamfusion-q5,cpu,37387,arrow.bridge,1650
kafka-state-cpu/streamfusion-q5,cpu,37387,copies,127
kafka-state-cpu/streamfusion-q5,cpu,37387,crc,42
kafka-state-cpu/streamfusion-q5,cpu,37387,ffi.alignment,4
kafka-state-cpu/streamfusion-q5,cpu,37387,jni,28756
kafka-state-cpu/streamfusion-q5,cpu,37387,netty,7
kafka-state-cpu/streamfusion-q5,cpu,37387,rocksdb,27279
kafka-state-cpu/streamfusion-q7,cpu,19382,arrow.bridge,1033
kafka-state-cpu/streamfusion-q7,cpu,19382,copies,126
kafka-state-cpu/streamfusion-q7,cpu,19382,crc,28
kafka-state-cpu/streamfusion-q7,cpu,19382,ffi.alignment,3
kafka-state-cpu/streamfusion-q7,cpu,19382,jni,10702
kafka-state-cpu/streamfusion-q7,cpu,19382,netty,22
kafka-state-cpu/streamfusion-q7,cpu,19382,rocksdb,9651
kafka-wall/flink-q0,wall,380719,copies,1
kafka-wall/flink-q0,wall,380719,crc,39
kafka-wall/flink-q0,wall,380719,netty,2505
kafka-wall/flink-q0,wall,380719,rocksdb,20
kafka-wall/flink-q20,wall,1087468,copies,66
kafka-wall/flink-q20,wall,1087468,crc,22
kafka-wall/flink-q20,wall,1087468,netty,5760
kafka-wall/flink-q20,wall,1087468,rocksdb,103185
kafka-wall/streamfusion-q0,wall,224972,arrow.bridge,1343
kafka-wall/streamfusion-q0,wall,224972,copies,77
kafka-wall/streamfusion-q0,wall,224972,crc,53
kafka-wall/streamfusion-q0,wall,224972,jni,1683
kafka-wall/streamfusion-q0,wall,224972,netty,1528
kafka-wall/streamfusion-q0,wall,224972,rocksdb,13
kafka-wall/streamfusion-q20,wall,852074,arrow.bridge,977
kafka-wall/streamfusion-q20,wall,852074,copies,104
kafka-wall/streamfusion-q20,wall,852074,crc,12
kafka-wall/streamfusion-q20,wall,852074,ffi.alignment,4
kafka-wall/streamfusion-q20,wall,852074,jni,16238
kafka-wall/streamfusion-q20,wall,852074,netty,4797
kafka-wall/streamfusion-q20,wall,852074,rocksdb,36582
