transport,query,engine,trial,seconds
kafka,q0,stock,1,2.361246968
kafka,q0,stock,2,2.396243457
kafka,q0,stock,3,2.282428071
kafka,q0,native,1,1.380775250
kafka,q0,native,2,1.483639496
kafka,q0,native,3,1.323446757
fluss,q0,stock,1,4.905535855
fluss,q0,stock,2,4.883507692
fluss,q0,stock,3,4.716554236
fluss,q0,native,1,0.419140571
fluss,q0,native,2,0.394891501
fluss,q0,native,3,0.397376567
kafka,q1,stock,1,2.252316917
kafka,q1,stock,2,2.294516987
kafka,q1,stock,3,2.431455888
kafka,q1,native,1,1.472842794
kafka,q1,native,2,1.363858093
kafka,q1,native,3,1.336155280
fluss,q1,stock,1,4.885589962
fluss,q1,stock,2,4.797006836
fluss,q1,stock,3,4.844718799
fluss,q1,native,1,0.420008807
fluss,q1,native,2,0.401657577
fluss,q1,native,3,0.363917463
kafka,q2,stock,1,1.446690075
kafka,q2,stock,2,1.342477993
kafka,q2,stock,3,1.338779348
kafka,q2,native,1,1.194098736
kafka,q2,native,2,1.187005481
kafka,q2,native,3,1.202626845
fluss,q2,stock,1,9.477277051
fluss,q2,stock,2,4.506074569
fluss,q2,stock,3,4.518968683
fluss,q2,native,1,0.305350854
fluss,q2,native,2,0.284622298
fluss,q2,native,3,0.300963020
kafka,q3,stock,1,1.200933561
kafka,q3,stock,2,1.209501514
kafka,q3,stock,3,1.238592735
kafka,q3,native,1,1.206825560
kafka,q3,native,2,1.164353482
kafka,q3,native,3,1.148500516
fluss,q3,stock,1,4.549174027
fluss,q3,stock,2,4.521354642
fluss,q3,stock,3,4.487335443
fluss,q3,native,1,0.592371891
fluss,q3,native,2,0.599998331
fluss,q3,native,3,0.538407626
kafka,q7,stock,1,6.092830908
kafka,q7,stock,2,6.150168227
kafka,q7,stock,3,5.895896697
kafka,q7,native,1,3.434365151
kafka,q7,native,2,3.340995446
kafka,q7,native,3,3.432766125
fluss,q7,stock,1,9.943729498
fluss,q7,stock,2,12.567972810
fluss,q7,stock,3,11.993896431
fluss,q7,native,1,3.050908368
fluss,q7,native,2,3.014515708
fluss,q7,native,3,2.997351966
kafka,q8,stock,1,1.318969022
kafka,q8,stock,2,1.362796263
kafka,q8,stock,3,1.347399789
kafka,q8,native,1,1.270639720
kafka,q8,native,2,1.256000536
kafka,q8,native,3,1.307210058
fluss,q8,stock,1,11.832120135
fluss,q8,stock,2,11.142246237
fluss,q8,stock,3,44.448966827
fluss,q8,native,1,0.717597242
fluss,q8,native,2,1.549016646
fluss,q8,native,3,0.725336173
kafka,q10,stock,1,2.481408662
kafka,q10,stock,2,2.488821920
kafka,q10,stock,3,2.551952768
kafka,q10,native,1,1.890831908
kafka,q10,native,2,1.887989699
kafka,q10,native,3,1.933528414
fluss,q10,stock,1,5.043364889
fluss,q10,stock,2,5.118990047
fluss,q10,stock,3,5.094870939
fluss,q10,native,1,0.843224328
fluss,q10,native,2,0.770318147
fluss,q10,native,3,0.764613344
kafka,q11,stock,1,5.209527242
kafka,q11,stock,2,5.629542534
kafka,q11,stock,3,5.105178320
kafka,q11,native,1,1.139786698
kafka,q11,native,2,1.236721675
kafka,q11,native,3,1.172024782
fluss,q11,stock,1,12.156430757
fluss,q11,stock,2,11.922832225
fluss,q11,stock,3,9.357461561
fluss,q11,native,1,0.389895917
fluss,q11,native,2,0.426175663
fluss,q11,native,3,0.406812556
kafka,q12,stock,1,1.547999523
kafka,q12,stock,2,1.480520591
kafka,q12,stock,3,1.485548323
kafka,q12,native,1,1.241447747
kafka,q12,native,2,1.213398334
kafka,q12,native,3,1.229828278
fluss,q12,stock,1,4.690655698
fluss,q12,stock,2,4.725661382
fluss,q12,stock,3,4.649576075
fluss,q12,native,1,0.421987657
fluss,q12,native,2,0.443916727
fluss,q12,native,3,0.382241503
kafka,q20,stock,1,4.947477978
kafka,q20,stock,2,15.270915760
kafka,q20,stock,3,20.213976657
kafka,q20,native,1,4.194325514
kafka,q20,native,2,4.181643378
kafka,q20,native,3,14.620665741
fluss,q20,stock,1,29.620678731
fluss,q20,stock,2,10.012445669
fluss,q20,stock,3,10.042425118
fluss,q20,native,1,3.784550813
fluss,q20,native,2,3.759783657
fluss,q20,native,3,4.066650270
kafka,q22,stock,1,4.618893303
kafka,q22,stock,2,2.205418339
kafka,q22,stock,3,2.228236147
kafka,q22,native,1,1.371583513
kafka,q22,native,2,1.483018493
kafka,q22,native,3,1.368982429
fluss,q22,stock,1,5.020626403
fluss,q22,stock,2,5.096262044
fluss,q22,stock,3,5.075004450
fluss,q22,native,1,0.374553919
fluss,q22,native,2,0.376450708
fluss,q22,native,3,0.361029216
kafka,q5,stock,1,4.709359760
kafka,q5,stock,2,3.391862067
kafka,q5,stock,3,3.093933535
kafka,q5,native,1,4.739533276
kafka,q5,native,2,4.592633745
kafka,q5,native,3,4.464669058
fluss,q5,stock,1,54.040422574
fluss,q5,stock,2,55.953723912
fluss,q5,stock,3,29.845434638
fluss,q5,native,1,6.739523332
fluss,q5,native,2,4.278431170
fluss,q5,native,3,4.383635371
kafka,q13,stock,1,2.190924394
kafka,q13,stock,2,2.045495026
kafka,q13,stock,3,2.158964178
kafka,q13,native,1,1.480223937
kafka,q13,native,2,1.491731693
kafka,q13,native,3,1.480371783
fluss,q13,stock,1,4.880813885
fluss,q13,stock,2,4.848941418
fluss,q13,stock,3,4.872316155
fluss,q13,native,1,0.513415840
fluss,q13,native,2,0.377412012
fluss,q13,native,3,0.395295721
kafka,q14,stock,1,2.497592782
kafka,q14,stock,2,2.486950840
kafka,q14,stock,3,2.465534931
kafka,q14,native,1,2.543182844
kafka,q14,native,2,1.902572000
kafka,q14,native,3,1.931007760
fluss,q14,stock,1,5.185206906
fluss,q14,stock,2,5.390363005
fluss,q14,stock,3,5.076880103
fluss,q14,native,1,0.903272248
fluss,q14,native,2,0.877259195
fluss,q14,native,3,0.935374550
kafka,q21,stock,1,1.685674824
kafka,q21,stock,2,1.609439025
kafka,q21,stock,3,1.638223912
kafka,q21,native,1,1.534359615
kafka,q21,native,2,1.556285146
kafka,q21,native,3,1.539813569
fluss,q21,stock,1,5.224550179
fluss,q21,stock,2,5.162954302
fluss,q21,stock,3,4.886944028
fluss,q21,native,1,0.899140646
fluss,q21,native,2,0.914210031
fluss,q21,native,3,0.877861889
kafka,q23,stock,1,25.795188479
kafka,q23,stock,2,27.145734178
kafka,q23,stock,3,13.494657929
kafka,q23,native,1,7.333190286
kafka,q23,native,2,5.409621368
kafka,q23,native,3,8.462359674
fluss,q23,stock,1,17.075341122
fluss,q23,stock,2,29.282257945
fluss,q23,stock,3,18.926895988
fluss,q23,native,1,3.923327425
fluss,q23,native,2,9.698622110
fluss,q23,native,3,27.773450089
