case,candidate_mean_ns,candidate_min_block_mean_ns,candidate_max_block_mean_ns,original_mean_ns,original_min_block_mean_ns,original_max_block_mean_ns,candidate_vs_original_pct
hyperbolic_typed_expressions/f32/cosh/16384/nulls=false/offset=0/fused,107177.22584412193,106850.90651179125,107503.54517645261,115472.96214064004,114967.2848816525,115978.63939962757,-7.184137431595749
hyperbolic_typed_expressions/f32/sinh/16384/nulls=false/offset=0/fused,144006.99615057727,142995.69246320362,145018.29983795088,142454.18244661452,142221.17639847257,142687.18849475647,1.0900443056802933
hyperbolic_typed_expressions/f32/tanh/16384/nulls=false/offset=0/fused,137861.279485117,137585.5065539903,138137.05241624368,139942.12707828684,139229.87171807865,140654.38243849506,-1.4869343753834419
hyperbolic_typed_expressions/i16/cosh/16384/nulls=false/offset=0/fused,109087.32993393848,108487.43839966625,109687.22146821072,117672.08593795665,117575.04485137702,117769.12702453628,-7.2954906302455935
hyperbolic_typed_expressions/i16/sinh/16384/nulls=false/offset=0/fused,121216.79286373494,119734.36475203015,122699.22097543973,124236.17008774055,124138.64653717514,124333.69363830595,-2.4303527884618537
hyperbolic_typed_expressions/i16/tanh/16384/nulls=false/offset=0/fused,62594.43772816513,62521.85490323112,62667.020553099144,72879.44765911173,72850.30480847813,72908.59050974534,-14.112359878266334
hyperbolic_typed_expressions/i32/cosh/16384/nulls=false/offset=0/fused,106516.93322429195,106090.74882990871,106943.1176186752,113214.04350209681,112812.28595339612,113615.8010507975,-5.91544129212277
hyperbolic_typed_expressions/i32/sinh/16384/nulls=false/offset=0/fused,119002.1914087942,118750.49073762579,119253.8920799626,122106.41142096737,122011.46298706823,122201.35985486652,-2.542225241122875
hyperbolic_typed_expressions/i32/tanh/16384/nulls=false/offset=0/fused,62586.189925246086,62359.20101749272,62813.178832999445,72228.00753295296,71687.448814598,72768.56625130793,-13.349139671765053
hyperbolic_typed_expressions/i64/cosh/16384/nulls=false/offset=0/fused,104007.57878906696,103570.8975503927,104444.26002774123,110768.30898697599,110649.19157412185,110887.42639983012,-6.103487775284123
hyperbolic_typed_expressions/i64/sinh/16384/nulls=false/offset=0/fused,116423.73090985062,116391.23435308338,116456.22746661787,120919.80851685582,120435.58759655457,121404.02943715705,-3.718230835916725
hyperbolic_typed_expressions/i64/tanh/16384/nulls=false/offset=0/fused,62271.498483693664,61699.81224136577,62843.184726021565,70697.87698848842,70357.12848332226,71038.6254936546,-11.918856497157348
hyperbolic_typed_expressions/i8/cosh/16384/nulls=false/offset=0/fused,109727.69997630155,109637.06305351367,109818.33689908944,116868.84989810915,116857.64830424923,116880.05149196906,-6.110396335750323
hyperbolic_typed_expressions/i8/sinh/16384/nulls=false/offset=0/fused,121751.6372918543,121329.5358073479,122173.73877636071,125730.13086368889,125264.42266976628,126195.8390576115,-3.164311962856292
hyperbolic_typed_expressions/i8/tanh/16384/nulls=false/offset=0/fused,63061.54730927362,62858.52984320688,63264.56477534036,72363.41701551314,72107.21428981898,72619.61974120732,-12.854381522980606
