expression,rows,engine,trial,seconds
MAP_KEYS(m),2000000,flink,1,0.916549429
MAP_KEYS(m),2000000,flink,2,0.934472381
MAP_KEYS(m),2000000,flink,3,0.922489309
MAP_KEYS(m),2000000,flink,4,0.930161653
MAP_KEYS(m),2000000,flink,5,0.929816603
MAP_KEYS(m),2000000,native,1,1.34775271
MAP_KEYS(m),2000000,native,2,1.337512592
MAP_KEYS(m),2000000,native,3,1.332203595
MAP_KEYS(m),2000000,native,4,1.328945274
MAP_KEYS(m),2000000,native,5,1.293646955
MAP_VALUES(m),2000000,flink,1,0.915761963
MAP_VALUES(m),2000000,flink,2,0.951677796
MAP_VALUES(m),2000000,flink,3,0.947148984
MAP_VALUES(m),2000000,flink,4,0.912910883
MAP_VALUES(m),2000000,flink,5,0.932849659
MAP_VALUES(m),2000000,native,1,1.18801541
MAP_VALUES(m),2000000,native,2,1.197003337
MAP_VALUES(m),2000000,native,3,1.134022588
MAP_VALUES(m),2000000,native,4,1.135901769
MAP_VALUES(m),2000000,native,5,1.139578551
