case,sample,iterations,total_ns,ns_per_iteration
engine/memory/window_rank/append/16384/domain=16384/bytes=264/nulls=false/limit=1/last=false,1,8.0,32135949.0,4016993.625
engine/memory/window_rank/append/16384/domain=16384/bytes=264/nulls=false/limit=1/last=false,2,8.0,30971348.0,3871418.5
engine/memory/window_rank/append/16384/domain=16384/bytes=264/nulls=false/limit=1/last=false,3,8.0,32481654.0,4060206.75
engine/memory/window_rank/append/16384/domain=16384/bytes=264/nulls=false/limit=1/last=false,4,8.0,32964888.0,4120611.0
engine/memory/window_rank/append/16384/domain=16384/bytes=264/nulls=false/limit=1/last=false,5,8.0,31355948.0,3919493.5
engine/memory/window_rank/append/16384/domain=16384/bytes=264/nulls=false/limit=1/last=false,6,8.0,33949077.0,4243634.625
engine/memory/window_rank/append/16384/domain=16384/bytes=264/nulls=false/limit=1/last=false,7,8.0,33637789.0,4204723.625
engine/memory/window_rank/append/16384/domain=16384/bytes=264/nulls=false/limit=1/last=false,8,8.0,32391339.0,4048917.375
engine/memory/window_rank/append/16384/domain=16384/bytes=264/nulls=false/limit=1/last=false,9,8.0,31560883.0,3945110.375
engine/memory/window_rank/append/16384/domain=16384/bytes=264/nulls=false/limit=1/last=false,10,8.0,31484060.0,3935507.5
engine/memory/window_rank/append/16384/domain=16384/bytes=264/nulls=false/limit=1/last=false,11,8.0,32037248.0,4004656.0
engine/memory/window_rank/append/16384/domain=16384/bytes=264/nulls=false/limit=1/last=false,12,8.0,33511422.0,4188927.75
engine/memory/window_rank/append/16384/domain=16384/bytes=264/nulls=false/limit=1/last=false,13,8.0,31651969.0,3956496.125
engine/memory/window_rank/append/16384/domain=16384/bytes=264/nulls=false/limit=1/last=false,14,8.0,31082751.0,3885343.875
engine/memory/window_rank/append/16384/domain=16384/bytes=264/nulls=false/limit=1/last=false,15,8.0,33363122.0,4170390.25
engine/memory/window_rank/append/16384/domain=16384/bytes=264/nulls=false/limit=1/last=false,16,8.0,31026085.0,3878260.625
engine/memory/window_rank/append/16384/domain=16384/bytes=264/nulls=false/limit=1/last=false,17,8.0,32676288.0,4084536.0
engine/memory/window_rank/append/16384/domain=16384/bytes=264/nulls=false/limit=1/last=false,18,8.0,34436574.0,4304571.75
engine/memory/window_rank/append/16384/domain=16384/bytes=264/nulls=false/limit=1/last=false,19,8.0,38366770.0,4795846.25
engine/memory/window_rank/append/16384/domain=16384/bytes=264/nulls=false/limit=1/last=false,20,8.0,31297487.0,3912185.875
engine/memory/window_rank/append/16384/domain=16384/bytes=264/nulls=false/limit=1/last=false,21,8.0,32904982.0,4113122.75
engine/memory/window_rank/append/16384/domain=16384/bytes=264/nulls=false/limit=1/last=false,22,8.0,35145055.0,4393131.875
engine/memory/window_rank/append/16384/domain=16384/bytes=264/nulls=false/limit=1/last=false,23,8.0,30430257.0,3803782.125
engine/memory/window_rank/append/16384/domain=16384/bytes=264/nulls=false/limit=1/last=false,24,8.0,31139710.0,3892463.75
engine/memory/window_rank/append/16384/domain=16384/bytes=264/nulls=false/limit=1/last=false,25,8.0,34523454.0,4315431.75
engine/memory/window_rank/append/16384/domain=16384/bytes=264/nulls=false/limit=1/last=false,26,8.0,34261706.0,4282713.25
engine/memory/window_rank/append/16384/domain=16384/bytes=264/nulls=false/limit=1/last=false,27,8.0,31835327.0,3979415.875
engine/memory/window_rank/append/16384/domain=16384/bytes=264/nulls=false/limit=1/last=false,28,8.0,33988090.0,4248511.25
engine/memory/window_rank/append/16384/domain=16384/bytes=264/nulls=false/limit=1/last=false,29,8.0,32947560.0,4118445.0
engine/memory/window_rank/append/16384/domain=16384/bytes=264/nulls=false/limit=1/last=false,30,8.0,32293779.0,4036722.375
engine/memory/window_rank/append/16384/domain=16384/bytes=264/nulls=false/limit=1/last=false,31,8.0,33350506.0,4168813.25
engine/memory/window_rank/append/16384/domain=16384/bytes=264/nulls=false/limit=1/last=false,32,8.0,30666561.0,3833320.125
engine/memory/window_rank/append/16384/domain=16384/bytes=264/nulls=false/limit=1/last=false,33,8.0,31098374.0,3887296.75
engine/memory/window_rank/append/16384/domain=16384/bytes=264/nulls=false/limit=1/last=false,34,8.0,33972089.0,4246511.125
engine/memory/window_rank/append/16384/domain=16384/bytes=264/nulls=false/limit=1/last=false,35,8.0,30657252.0,3832156.5
engine/memory/window_rank/append/16384/domain=16384/bytes=264/nulls=false/limit=1/last=false,36,8.0,38355202.0,4794400.25
engine/memory/window_rank/append/16384/domain=16384/bytes=264/nulls=false/limit=1/last=false,37,8.0,33163004.0,4145375.5
engine/memory/window_rank/append/16384/domain=16384/bytes=264/nulls=false/limit=1/last=false,38,8.0,34424462.0,4303057.75
engine/memory/window_rank/append/16384/domain=16384/bytes=264/nulls=false/limit=1/last=false,39,8.0,32318172.0,4039771.5
engine/memory/window_rank/append/16384/domain=16384/bytes=264/nulls=false/limit=1/last=false,40,8.0,30872951.0,3859118.875
engine/memory/window_rank/append/16384/domain=16384/bytes=264/nulls=false/limit=1/last=false,41,8.0,34832666.0,4354083.25
engine/memory/window_rank/append/16384/domain=16384/bytes=264/nulls=false/limit=1/last=false,42,8.0,34151548.0,4268943.5
engine/memory/window_rank/append/16384/domain=16384/bytes=264/nulls=false/limit=1/last=false,43,8.0,32778269.0,4097283.625
engine/memory/window_rank/append/16384/domain=16384/bytes=264/nulls=false/limit=1/last=false,44,8.0,32096576.0,4012072.0
engine/memory/window_rank/append/16384/domain=16384/bytes=264/nulls=false/limit=1/last=false,45,8.0,32150286.0,4018785.75
engine/memory/window_rank/append/16384/domain=16384/bytes=264/nulls=false/limit=1/last=false,46,8.0,33251329.0,4156416.125
engine/memory/window_rank/append/16384/domain=16384/bytes=264/nulls=false/limit=1/last=false,47,8.0,32134009.0,4016751.125
engine/memory/window_rank/append/16384/domain=16384/bytes=264/nulls=false/limit=1/last=false,48,8.0,34926591.0,4365823.875
engine/memory/window_rank/append/16384/domain=16384/bytes=264/nulls=false/limit=1/last=false,49,8.0,34913192.0,4364149.0
engine/memory/window_rank/append/16384/domain=16384/bytes=264/nulls=false/limit=1/last=false,50,8.0,31556358.0,3944544.75
engine/memory/window_rank/append/16384/domain=16384/bytes=264/nulls=false/limit=1/last=false,51,8.0,31999806.0,3999975.75
engine/memory/window_rank/append/16384/domain=16384/bytes=264/nulls=false/limit=1/last=false,52,8.0,30023958.0,3752994.75
engine/memory/window_rank/append/16384/domain=16384/bytes=264/nulls=false/limit=1/last=false,53,8.0,33826160.0,4228270.0
engine/memory/window_rank/append/16384/domain=16384/bytes=264/nulls=false/limit=1/last=false,54,8.0,31474041.0,3934255.125
engine/memory/window_rank/append/16384/domain=16384/bytes=264/nulls=false/limit=1/last=false,55,8.0,30607016.0,3825877.0
engine/memory/window_rank/append/16384/domain=16384/bytes=264/nulls=false/limit=1/last=false,56,8.0,31613439.0,3951679.875
engine/memory/window_rank/append/16384/domain=16384/bytes=264/nulls=false/limit=1/last=false,57,8.0,31722563.0,3965320.375
engine/memory/window_rank/append/16384/domain=16384/bytes=264/nulls=false/limit=1/last=false,58,8.0,30479135.0,3809891.875
engine/memory/window_rank/append/16384/domain=16384/bytes=264/nulls=false/limit=1/last=false,59,8.0,31773222.0,3971652.75
engine/memory/window_rank/append/16384/domain=16384/bytes=264/nulls=false/limit=1/last=false,60,8.0,31256020.0,3907002.5
engine/memory/window_rank/append/16384/domain=16384/bytes=264/nulls=false/limit=1/last=false,61,8.0,32111868.0,4013983.5
engine/memory/window_rank/append/16384/domain=16384/bytes=264/nulls=false/limit=1/last=false,62,8.0,31410342.0,3926292.75
engine/memory/window_rank/append/16384/domain=16384/bytes=264/nulls=false/limit=1/last=false,63,8.0,31605977.0,3950747.125
engine/memory/window_rank/append/16384/domain=16384/bytes=264/nulls=false/limit=1/last=false,64,8.0,31409436.0,3926179.5
engine/memory/window_rank/append/16384/domain=16384/bytes=264/nulls=false/limit=1/last=false,65,8.0,30948327.0,3868540.875
engine/memory/window_rank/append/16384/domain=16384/bytes=264/nulls=false/limit=1/last=false,66,8.0,33409687.0,4176210.875
engine/memory/window_rank/append/16384/domain=16384/bytes=264/nulls=false/limit=1/last=false,67,8.0,31306107.0,3913263.375
engine/memory/window_rank/append/16384/domain=16384/bytes=264/nulls=false/limit=1/last=false,68,8.0,33707595.0,4213449.375
engine/memory/window_rank/append/16384/domain=16384/bytes=264/nulls=false/limit=1/last=false,69,8.0,30328237.0,3791029.625
engine/memory/window_rank/append/16384/domain=16384/bytes=264/nulls=false/limit=1/last=false,70,8.0,31616972.0,3952121.5
engine/memory/window_rank/append/16384/domain=16384/bytes=264/nulls=false/limit=1/last=false,71,8.0,30498890.0,3812361.25
engine/memory/window_rank/append/16384/domain=16384/bytes=264/nulls=false/limit=1/last=false,72,8.0,33119707.0,4139963.375
engine/memory/window_rank/append/16384/domain=16384/bytes=264/nulls=false/limit=1/last=false,73,8.0,30971552.0,3871444.0
engine/memory/window_rank/append/16384/domain=16384/bytes=264/nulls=false/limit=1/last=false,74,8.0,30112414.0,3764051.75
engine/memory/window_rank/append/16384/domain=16384/bytes=264/nulls=false/limit=1/last=false,75,8.0,31913676.0,3989209.5
engine/memory/window_rank/append/16384/domain=16384/bytes=264/nulls=false/limit=1/last=false,76,8.0,30230420.0,3778802.5
engine/memory/window_rank/append/16384/domain=16384/bytes=264/nulls=false/limit=1/last=false,77,8.0,30267501.0,3783437.625
engine/memory/window_rank/append/16384/domain=16384/bytes=264/nulls=false/limit=1/last=false,78,8.0,32353430.0,4044178.75
engine/memory/window_rank/append/16384/domain=16384/bytes=264/nulls=false/limit=1/last=false,79,8.0,30243694.0,3780461.75
engine/memory/window_rank/append/16384/domain=16384/bytes=264/nulls=false/limit=1/last=false,80,8.0,31781503.0,3972687.875
engine/memory/window_rank/append/16384/domain=16384/bytes=264/nulls=false/limit=1/last=false,81,8.0,32842502.0,4105312.75
engine/memory/window_rank/append/16384/domain=16384/bytes=264/nulls=false/limit=1/last=false,82,8.0,33105563.0,4138195.375
engine/memory/window_rank/append/16384/domain=16384/bytes=264/nulls=false/limit=1/last=false,83,8.0,31811514.0,3976439.25
engine/memory/window_rank/append/16384/domain=16384/bytes=264/nulls=false/limit=1/last=false,84,8.0,31928707.0,3991088.375
engine/memory/window_rank/append/16384/domain=16384/bytes=264/nulls=false/limit=1/last=false,85,8.0,30070407.0,3758800.875
engine/memory/window_rank/append/16384/domain=16384/bytes=264/nulls=false/limit=1/last=false,86,8.0,31357377.0,3919672.125
engine/memory/window_rank/append/16384/domain=16384/bytes=264/nulls=false/limit=1/last=false,87,8.0,31021109.0,3877638.625
engine/memory/window_rank/append/16384/domain=16384/bytes=264/nulls=false/limit=1/last=false,88,8.0,31448014.0,3931001.75
engine/memory/window_rank/append/16384/domain=16384/bytes=264/nulls=false/limit=1/last=false,89,8.0,31701804.0,3962725.5
engine/memory/window_rank/append/16384/domain=16384/bytes=264/nulls=false/limit=1/last=false,90,8.0,31373866.0,3921733.25
engine/memory/window_rank/append/16384/domain=16384/bytes=264/nulls=false/limit=1/last=false,91,8.0,30308310.0,3788538.75
engine/memory/window_rank/append/16384/domain=16384/bytes=264/nulls=false/limit=1/last=false,92,8.0,32149906.0,4018738.25
engine/memory/window_rank/append/16384/domain=16384/bytes=264/nulls=false/limit=1/last=false,93,8.0,32756726.0,4094590.75
engine/memory/window_rank/append/16384/domain=16384/bytes=264/nulls=false/limit=1/last=false,94,8.0,31252729.0,3906591.125
engine/memory/window_rank/append/16384/domain=16384/bytes=264/nulls=false/limit=1/last=false,95,8.0,31087462.0,3885932.75
engine/memory/window_rank/append/16384/domain=16384/bytes=264/nulls=false/limit=1/last=false,96,8.0,33370227.0,4171278.375
engine/memory/window_rank/append/16384/domain=16384/bytes=264/nulls=false/limit=1/last=false,97,8.0,32146974.0,4018371.75
engine/memory/window_rank/append/16384/domain=16384/bytes=264/nulls=false/limit=1/last=false,98,8.0,30296947.0,3787118.375
engine/memory/window_rank/append/16384/domain=16384/bytes=264/nulls=false/limit=1/last=false,99,8.0,32045730.0,4005716.25
engine/memory/window_rank/append/16384/domain=16384/bytes=264/nulls=false/limit=1/last=false,100,8.0,30889261.0,3861157.625
engine/memory/window_rank/append/16384/domain=8/bytes=264/nulls=false/limit=1/last=false,1,22.0,51685983.0,2349362.8636363638
engine/memory/window_rank/append/16384/domain=8/bytes=264/nulls=false/limit=1/last=false,2,22.0,50452595.0,2293299.772727273
engine/memory/window_rank/append/16384/domain=8/bytes=264/nulls=false/limit=1/last=false,3,22.0,52285299.0,2376604.5
engine/memory/window_rank/append/16384/domain=8/bytes=264/nulls=false/limit=1/last=false,4,22.0,49910513.0,2268659.6818181816
engine/memory/window_rank/append/16384/domain=8/bytes=264/nulls=false/limit=1/last=false,5,22.0,51203226.0,2327419.3636363638
engine/memory/window_rank/append/16384/domain=8/bytes=264/nulls=false/limit=1/last=false,6,22.0,52478902.0,2385404.6363636362
engine/memory/window_rank/append/16384/domain=8/bytes=264/nulls=false/limit=1/last=false,7,22.0,50383900.0,2290177.272727273
engine/memory/window_rank/append/16384/domain=8/bytes=264/nulls=false/limit=1/last=false,8,22.0,50688327.0,2304014.8636363638
engine/memory/window_rank/append/16384/domain=8/bytes=264/nulls=false/limit=1/last=false,9,22.0,50475210.0,2294327.727272727
engine/memory/window_rank/append/16384/domain=8/bytes=264/nulls=false/limit=1/last=false,10,22.0,50275231.0,2285237.772727273
engine/memory/window_rank/append/16384/domain=8/bytes=264/nulls=false/limit=1/last=false,11,22.0,51487177.0,2340326.227272727
engine/memory/window_rank/append/16384/domain=8/bytes=264/nulls=false/limit=1/last=false,12,22.0,50725949.0,2305724.9545454546
engine/memory/window_rank/append/16384/domain=8/bytes=264/nulls=false/limit=1/last=false,13,22.0,52227490.0,2373976.8181818184
engine/memory/window_rank/append/16384/domain=8/bytes=264/nulls=false/limit=1/last=false,14,22.0,51302582.0,2331935.5454545454
engine/memory/window_rank/append/16384/domain=8/bytes=264/nulls=false/limit=1/last=false,15,22.0,52562972.0,2389226.0
engine/memory/window_rank/append/16384/domain=8/bytes=264/nulls=false/limit=1/last=false,16,22.0,50648443.0,2302201.9545454546
engine/memory/window_rank/append/16384/domain=8/bytes=264/nulls=false/limit=1/last=false,17,22.0,52667106.0,2393959.3636363638
engine/memory/window_rank/append/16384/domain=8/bytes=264/nulls=false/limit=1/last=false,18,22.0,52380824.0,2380946.5454545454
engine/memory/window_rank/append/16384/domain=8/bytes=264/nulls=false/limit=1/last=false,19,22.0,52979401.0,2408154.590909091
engine/memory/window_rank/append/16384/domain=8/bytes=264/nulls=false/limit=1/last=false,20,22.0,51928181.0,2360371.8636363638
engine/memory/window_rank/append/16384/domain=8/bytes=264/nulls=false/limit=1/last=false,21,22.0,51901164.0,2359143.8181818184
engine/memory/window_rank/append/16384/domain=8/bytes=264/nulls=false/limit=1/last=false,22,22.0,51965865.0,2362084.772727273
engine/memory/window_rank/append/16384/domain=8/bytes=264/nulls=false/limit=1/last=false,23,22.0,50965525.0,2316614.772727273
engine/memory/window_rank/append/16384/domain=8/bytes=264/nulls=false/limit=1/last=false,24,22.0,51538481.0,2342658.227272727
engine/memory/window_rank/append/16384/domain=8/bytes=264/nulls=false/limit=1/last=false,25,22.0,51551622.0,2343255.5454545454
engine/memory/window_rank/append/16384/domain=8/bytes=264/nulls=false/limit=1/last=false,26,22.0,51222851.0,2328311.409090909
engine/memory/window_rank/append/16384/domain=8/bytes=264/nulls=false/limit=1/last=false,27,22.0,50701973.0,2304635.1363636362
engine/memory/window_rank/append/16384/domain=8/bytes=264/nulls=false/limit=1/last=false,28,22.0,51656229.0,2348010.409090909
engine/memory/window_rank/append/16384/domain=8/bytes=264/nulls=false/limit=1/last=false,29,22.0,52287404.0,2376700.1818181816
engine/memory/window_rank/append/16384/domain=8/bytes=264/nulls=false/limit=1/last=false,30,22.0,51193593.0,2326981.5
engine/memory/window_rank/append/16384/domain=8/bytes=264/nulls=false/limit=1/last=false,31,22.0,54401453.0,2472793.3181818184
engine/memory/window_rank/append/16384/domain=8/bytes=264/nulls=false/limit=1/last=false,32,22.0,51405027.0,2336592.1363636362
engine/memory/window_rank/append/16384/domain=8/bytes=264/nulls=false/limit=1/last=false,33,22.0,52058094.0,2366277.0
engine/memory/window_rank/append/16384/domain=8/bytes=264/nulls=false/limit=1/last=false,34,22.0,51133273.0,2324239.6818181816
engine/memory/window_rank/append/16384/domain=8/bytes=264/nulls=false/limit=1/last=false,35,22.0,51005996.0,2318454.3636363638
engine/memory/window_rank/append/16384/domain=8/bytes=264/nulls=false/limit=1/last=false,36,22.0,50993742.0,2317897.3636363638
engine/memory/window_rank/append/16384/domain=8/bytes=264/nulls=false/limit=1/last=false,37,22.0,52699687.0,2395440.3181818184
engine/memory/window_rank/append/16384/domain=8/bytes=264/nulls=false/limit=1/last=false,38,22.0,51870471.0,2357748.6818181816
engine/memory/window_rank/append/16384/domain=8/bytes=264/nulls=false/limit=1/last=false,39,22.0,54986507.0,2499386.6818181816
engine/memory/window_rank/append/16384/domain=8/bytes=264/nulls=false/limit=1/last=false,40,22.0,53450375.0,2429562.5
engine/memory/window_rank/append/16384/domain=8/bytes=264/nulls=false/limit=1/last=false,41,22.0,51129247.0,2324056.6818181816
engine/memory/window_rank/append/16384/domain=8/bytes=264/nulls=false/limit=1/last=false,42,22.0,52536700.0,2388031.8181818184
engine/memory/window_rank/append/16384/domain=8/bytes=264/nulls=false/limit=1/last=false,43,22.0,51381310.0,2335514.090909091
engine/memory/window_rank/append/16384/domain=8/bytes=264/nulls=false/limit=1/last=false,44,22.0,51878526.0,2358114.8181818184
engine/memory/window_rank/append/16384/domain=8/bytes=264/nulls=false/limit=1/last=false,45,22.0,51769756.0,2353170.727272727
engine/memory/window_rank/append/16384/domain=8/bytes=264/nulls=false/limit=1/last=false,46,22.0,51333666.0,2333348.4545454546
engine/memory/window_rank/append/16384/domain=8/bytes=264/nulls=false/limit=1/last=false,47,22.0,51539008.0,2342682.1818181816
engine/memory/window_rank/append/16384/domain=8/bytes=264/nulls=false/limit=1/last=false,48,22.0,51897737.0,2358988.0454545454
engine/memory/window_rank/append/16384/domain=8/bytes=264/nulls=false/limit=1/last=false,49,22.0,53529337.0,2433151.6818181816
engine/memory/window_rank/append/16384/domain=8/bytes=264/nulls=false/limit=1/last=false,50,22.0,51749992.0,2352272.3636363638
engine/memory/window_rank/append/16384/domain=8/bytes=264/nulls=false/limit=1/last=false,51,22.0,50731457.0,2305975.3181818184
engine/memory/window_rank/append/16384/domain=8/bytes=264/nulls=false/limit=1/last=false,52,22.0,51448383.0,2338562.8636363638
engine/memory/window_rank/append/16384/domain=8/bytes=264/nulls=false/limit=1/last=false,53,22.0,52156153.0,2370734.227272727
engine/memory/window_rank/append/16384/domain=8/bytes=264/nulls=false/limit=1/last=false,54,22.0,53670106.0,2439550.272727273
engine/memory/window_rank/append/16384/domain=8/bytes=264/nulls=false/limit=1/last=false,55,22.0,50924505.0,2314750.227272727
engine/memory/window_rank/append/16384/domain=8/bytes=264/nulls=false/limit=1/last=false,56,22.0,52017490.0,2364431.3636363638
engine/memory/window_rank/append/16384/domain=8/bytes=264/nulls=false/limit=1/last=false,57,22.0,50934257.0,2315193.5
engine/memory/window_rank/append/16384/domain=8/bytes=264/nulls=false/limit=1/last=false,58,22.0,54175814.0,2462537.0
engine/memory/window_rank/append/16384/domain=8/bytes=264/nulls=false/limit=1/last=false,59,22.0,51673618.0,2348800.8181818184
engine/memory/window_rank/append/16384/domain=8/bytes=264/nulls=false/limit=1/last=false,60,22.0,52285440.0,2376610.909090909
engine/memory/window_rank/append/16384/domain=8/bytes=264/nulls=false/limit=1/last=false,61,22.0,50295292.0,2286149.6363636362
engine/memory/window_rank/append/16384/domain=8/bytes=264/nulls=false/limit=1/last=false,62,22.0,52626139.0,2392097.227272727
engine/memory/window_rank/append/16384/domain=8/bytes=264/nulls=false/limit=1/last=false,63,22.0,51446490.0,2338476.8181818184
engine/memory/window_rank/append/16384/domain=8/bytes=264/nulls=false/limit=1/last=false,64,22.0,53669408.0,2439518.5454545454
engine/memory/window_rank/append/16384/domain=8/bytes=264/nulls=false/limit=1/last=false,65,22.0,50747645.0,2306711.1363636362
engine/memory/window_rank/append/16384/domain=8/bytes=264/nulls=false/limit=1/last=false,66,22.0,51359312.0,2334514.1818181816
engine/memory/window_rank/append/16384/domain=8/bytes=264/nulls=false/limit=1/last=false,67,22.0,50699639.0,2304529.0454545454
engine/memory/window_rank/append/16384/domain=8/bytes=264/nulls=false/limit=1/last=false,68,22.0,52668455.0,2394020.6818181816
engine/memory/window_rank/append/16384/domain=8/bytes=264/nulls=false/limit=1/last=false,69,22.0,51624153.0,2346552.409090909
engine/memory/window_rank/append/16384/domain=8/bytes=264/nulls=false/limit=1/last=false,70,22.0,51202801.0,2327400.0454545454
engine/memory/window_rank/append/16384/domain=8/bytes=264/nulls=false/limit=1/last=false,71,22.0,51143344.0,2324697.4545454546
engine/memory/window_rank/append/16384/domain=8/bytes=264/nulls=false/limit=1/last=false,72,22.0,50808732.0,2309487.8181818184
engine/memory/window_rank/append/16384/domain=8/bytes=264/nulls=false/limit=1/last=false,73,22.0,52903642.0,2404711.0
engine/memory/window_rank/append/16384/domain=8/bytes=264/nulls=false/limit=1/last=false,74,22.0,50826745.0,2310306.590909091
engine/memory/window_rank/append/16384/domain=8/bytes=264/nulls=false/limit=1/last=false,75,22.0,52438113.0,2383550.590909091
engine/memory/window_rank/append/16384/domain=8/bytes=264/nulls=false/limit=1/last=false,76,22.0,51418043.0,2337183.772727273
engine/memory/window_rank/append/16384/domain=8/bytes=264/nulls=false/limit=1/last=false,77,22.0,51832540.0,2356024.5454545454
engine/memory/window_rank/append/16384/domain=8/bytes=264/nulls=false/limit=1/last=false,78,22.0,51870737.0,2357760.772727273
engine/memory/window_rank/append/16384/domain=8/bytes=264/nulls=false/limit=1/last=false,79,22.0,51376641.0,2335301.8636363638
engine/memory/window_rank/append/16384/domain=8/bytes=264/nulls=false/limit=1/last=false,80,22.0,51778432.0,2353565.090909091
engine/memory/window_rank/append/16384/domain=8/bytes=264/nulls=false/limit=1/last=false,81,22.0,53263344.0,2421061.090909091
engine/memory/window_rank/append/16384/domain=8/bytes=264/nulls=false/limit=1/last=false,82,22.0,50679061.0,2303593.6818181816
engine/memory/window_rank/append/16384/domain=8/bytes=264/nulls=false/limit=1/last=false,83,22.0,52048154.0,2365825.1818181816
engine/memory/window_rank/append/16384/domain=8/bytes=264/nulls=false/limit=1/last=false,84,22.0,52271035.0,2375956.1363636362
engine/memory/window_rank/append/16384/domain=8/bytes=264/nulls=false/limit=1/last=false,85,22.0,51385172.0,2335689.6363636362
engine/memory/window_rank/append/16384/domain=8/bytes=264/nulls=false/limit=1/last=false,86,22.0,51741526.0,2351887.5454545454
engine/memory/window_rank/append/16384/domain=8/bytes=264/nulls=false/limit=1/last=false,87,22.0,50947633.0,2315801.5
engine/memory/window_rank/append/16384/domain=8/bytes=264/nulls=false/limit=1/last=false,88,22.0,52297140.0,2377142.727272727
engine/memory/window_rank/append/16384/domain=8/bytes=264/nulls=false/limit=1/last=false,89,22.0,51027145.0,2319415.6818181816
engine/memory/window_rank/append/16384/domain=8/bytes=264/nulls=false/limit=1/last=false,90,22.0,51300101.0,2331822.772727273
engine/memory/window_rank/append/16384/domain=8/bytes=264/nulls=false/limit=1/last=false,91,22.0,51267708.0,2330350.3636363638
engine/memory/window_rank/append/16384/domain=8/bytes=264/nulls=false/limit=1/last=false,92,22.0,52040724.0,2365487.4545454546
engine/memory/window_rank/append/16384/domain=8/bytes=264/nulls=false/limit=1/last=false,93,22.0,50646284.0,2302103.8181818184
engine/memory/window_rank/append/16384/domain=8/bytes=264/nulls=false/limit=1/last=false,94,22.0,52285975.0,2376635.227272727
engine/memory/window_rank/append/16384/domain=8/bytes=264/nulls=false/limit=1/last=false,95,22.0,50971039.0,2316865.409090909
engine/memory/window_rank/append/16384/domain=8/bytes=264/nulls=false/limit=1/last=false,96,22.0,51122044.0,2323729.272727273
engine/memory/window_rank/append/16384/domain=8/bytes=264/nulls=false/limit=1/last=false,97,22.0,51921496.0,2360068.0
engine/memory/window_rank/append/16384/domain=8/bytes=264/nulls=false/limit=1/last=false,98,22.0,52286988.0,2376681.272727273
engine/memory/window_rank/append/16384/domain=8/bytes=264/nulls=false/limit=1/last=false,99,22.0,52318930.0,2378133.1818181816
engine/memory/window_rank/append/16384/domain=8/bytes=264/nulls=false/limit=1/last=false,100,22.0,51405766.0,2336625.727272727
engine/memory/window_rank/update/16384/domain=16384/bytes=264/nulls=false/limit=1/last=false,1,5.0,15471351.0,3094270.2
engine/memory/window_rank/update/16384/domain=16384/bytes=264/nulls=false/limit=1/last=false,2,5.0,14597716.0,2919543.2
engine/memory/window_rank/update/16384/domain=16384/bytes=264/nulls=false/limit=1/last=false,3,5.0,16735093.0,3347018.6
engine/memory/window_rank/update/16384/domain=16384/bytes=264/nulls=false/limit=1/last=false,4,5.0,13572544.0,2714508.8
engine/memory/window_rank/update/16384/domain=16384/bytes=264/nulls=false/limit=1/last=false,5,5.0,14228700.0,2845740.0
engine/memory/window_rank/update/16384/domain=16384/bytes=264/nulls=false/limit=1/last=false,6,5.0,12994334.0,2598866.8
engine/memory/window_rank/update/16384/domain=16384/bytes=264/nulls=false/limit=1/last=false,7,5.0,17117551.0,3423510.2
engine/memory/window_rank/update/16384/domain=16384/bytes=264/nulls=false/limit=1/last=false,8,5.0,17015009.0,3403001.8
engine/memory/window_rank/update/16384/domain=16384/bytes=264/nulls=false/limit=1/last=false,9,5.0,15265121.0,3053024.2
engine/memory/window_rank/update/16384/domain=16384/bytes=264/nulls=false/limit=1/last=false,10,5.0,14207123.0,2841424.6
engine/memory/window_rank/update/16384/domain=16384/bytes=264/nulls=false/limit=1/last=false,11,5.0,13387002.0,2677400.4
engine/memory/window_rank/update/16384/domain=16384/bytes=264/nulls=false/limit=1/last=false,12,5.0,14291090.0,2858218.0
engine/memory/window_rank/update/16384/domain=16384/bytes=264/nulls=false/limit=1/last=false,13,5.0,14840815.0,2968163.0
engine/memory/window_rank/update/16384/domain=16384/bytes=264/nulls=false/limit=1/last=false,14,5.0,14526820.0,2905364.0
engine/memory/window_rank/update/16384/domain=16384/bytes=264/nulls=false/limit=1/last=false,15,5.0,16581509.0,3316301.8
engine/memory/window_rank/update/16384/domain=16384/bytes=264/nulls=false/limit=1/last=false,16,5.0,14919094.0,2983818.8
engine/memory/window_rank/update/16384/domain=16384/bytes=264/nulls=false/limit=1/last=false,17,5.0,14167839.0,2833567.8
engine/memory/window_rank/update/16384/domain=16384/bytes=264/nulls=false/limit=1/last=false,18,5.0,15072077.0,3014415.4
engine/memory/window_rank/update/16384/domain=16384/bytes=264/nulls=false/limit=1/last=false,19,5.0,16324184.0,3264836.8
engine/memory/window_rank/update/16384/domain=16384/bytes=264/nulls=false/limit=1/last=false,20,5.0,16220035.0,3244007.0
engine/memory/window_rank/update/16384/domain=16384/bytes=264/nulls=false/limit=1/last=false,21,5.0,15825095.0,3165019.0
engine/memory/window_rank/update/16384/domain=16384/bytes=264/nulls=false/limit=1/last=false,22,5.0,13449490.0,2689898.0
engine/memory/window_rank/update/16384/domain=16384/bytes=264/nulls=false/limit=1/last=false,23,5.0,15636945.0,3127389.0
engine/memory/window_rank/update/16384/domain=16384/bytes=264/nulls=false/limit=1/last=false,24,5.0,15436603.0,3087320.6
engine/memory/window_rank/update/16384/domain=16384/bytes=264/nulls=false/limit=1/last=false,25,5.0,13334242.0,2666848.4
engine/memory/window_rank/update/16384/domain=16384/bytes=264/nulls=false/limit=1/last=false,26,5.0,13812948.0,2762589.6
engine/memory/window_rank/update/16384/domain=16384/bytes=264/nulls=false/limit=1/last=false,27,5.0,14788224.0,2957644.8
engine/memory/window_rank/update/16384/domain=16384/bytes=264/nulls=false/limit=1/last=false,28,5.0,15500082.0,3100016.4
engine/memory/window_rank/update/16384/domain=16384/bytes=264/nulls=false/limit=1/last=false,29,5.0,16521579.0,3304315.8
engine/memory/window_rank/update/16384/domain=16384/bytes=264/nulls=false/limit=1/last=false,30,5.0,13237651.0,2647530.2
engine/memory/window_rank/update/16384/domain=16384/bytes=264/nulls=false/limit=1/last=false,31,5.0,15648744.0,3129748.8
engine/memory/window_rank/update/16384/domain=16384/bytes=264/nulls=false/limit=1/last=false,32,5.0,13383351.0,2676670.2
engine/memory/window_rank/update/16384/domain=16384/bytes=264/nulls=false/limit=1/last=false,33,5.0,17104625.0,3420925.0
engine/memory/window_rank/update/16384/domain=16384/bytes=264/nulls=false/limit=1/last=false,34,5.0,16118437.0,3223687.4
engine/memory/window_rank/update/16384/domain=16384/bytes=264/nulls=false/limit=1/last=false,35,5.0,14735833.0,2947166.6
engine/memory/window_rank/update/16384/domain=16384/bytes=264/nulls=false/limit=1/last=false,36,5.0,16549199.0,3309839.8
engine/memory/window_rank/update/16384/domain=16384/bytes=264/nulls=false/limit=1/last=false,37,5.0,14865221.0,2973044.2
engine/memory/window_rank/update/16384/domain=16384/bytes=264/nulls=false/limit=1/last=false,38,5.0,14461916.0,2892383.2
engine/memory/window_rank/update/16384/domain=16384/bytes=264/nulls=false/limit=1/last=false,39,5.0,16465644.0,3293128.8
engine/memory/window_rank/update/16384/domain=16384/bytes=264/nulls=false/limit=1/last=false,40,5.0,16608443.0,3321688.6
engine/memory/window_rank/update/16384/domain=16384/bytes=264/nulls=false/limit=1/last=false,41,5.0,13634029.0,2726805.8
engine/memory/window_rank/update/16384/domain=16384/bytes=264/nulls=false/limit=1/last=false,42,5.0,15321366.0,3064273.2
engine/memory/window_rank/update/16384/domain=16384/bytes=264/nulls=false/limit=1/last=false,43,5.0,14186660.0,2837332.0
engine/memory/window_rank/update/16384/domain=16384/bytes=264/nulls=false/limit=1/last=false,44,5.0,14583776.0,2916755.2
engine/memory/window_rank/update/16384/domain=16384/bytes=264/nulls=false/limit=1/last=false,45,5.0,13940753.0,2788150.6
engine/memory/window_rank/update/16384/domain=16384/bytes=264/nulls=false/limit=1/last=false,46,5.0,15686038.0,3137207.6
engine/memory/window_rank/update/16384/domain=16384/bytes=264/nulls=false/limit=1/last=false,47,5.0,15396261.0,3079252.2
engine/memory/window_rank/update/16384/domain=16384/bytes=264/nulls=false/limit=1/last=false,48,5.0,15125936.0,3025187.2
engine/memory/window_rank/update/16384/domain=16384/bytes=264/nulls=false/limit=1/last=false,49,5.0,13473425.0,2694685.0
engine/memory/window_rank/update/16384/domain=16384/bytes=264/nulls=false/limit=1/last=false,50,5.0,14542867.0,2908573.4
engine/memory/window_rank/update/16384/domain=16384/bytes=264/nulls=false/limit=1/last=false,51,5.0,14531051.0,2906210.2
engine/memory/window_rank/update/16384/domain=16384/bytes=264/nulls=false/limit=1/last=false,52,5.0,16899423.0,3379884.6
engine/memory/window_rank/update/16384/domain=16384/bytes=264/nulls=false/limit=1/last=false,53,5.0,14620311.0,2924062.2
engine/memory/window_rank/update/16384/domain=16384/bytes=264/nulls=false/limit=1/last=false,54,5.0,15350934.0,3070186.8
engine/memory/window_rank/update/16384/domain=16384/bytes=264/nulls=false/limit=1/last=false,55,5.0,15145595.0,3029119.0
engine/memory/window_rank/update/16384/domain=16384/bytes=264/nulls=false/limit=1/last=false,56,5.0,15518093.0,3103618.6
engine/memory/window_rank/update/16384/domain=16384/bytes=264/nulls=false/limit=1/last=false,57,5.0,17207112.0,3441422.4
engine/memory/window_rank/update/16384/domain=16384/bytes=264/nulls=false/limit=1/last=false,58,5.0,14812736.0,2962547.2
engine/memory/window_rank/update/16384/domain=16384/bytes=264/nulls=false/limit=1/last=false,59,5.0,14626447.0,2925289.4
engine/memory/window_rank/update/16384/domain=16384/bytes=264/nulls=false/limit=1/last=false,60,5.0,16255521.0,3251104.2
engine/memory/window_rank/update/16384/domain=16384/bytes=264/nulls=false/limit=1/last=false,61,5.0,14970732.0,2994146.4
engine/memory/window_rank/update/16384/domain=16384/bytes=264/nulls=false/limit=1/last=false,62,5.0,14385757.0,2877151.4
engine/memory/window_rank/update/16384/domain=16384/bytes=264/nulls=false/limit=1/last=false,63,5.0,14125036.0,2825007.2
engine/memory/window_rank/update/16384/domain=16384/bytes=264/nulls=false/limit=1/last=false,64,5.0,14326575.0,2865315.0
engine/memory/window_rank/update/16384/domain=16384/bytes=264/nulls=false/limit=1/last=false,65,5.0,14885979.0,2977195.8
engine/memory/window_rank/update/16384/domain=16384/bytes=264/nulls=false/limit=1/last=false,66,5.0,15193716.0,3038743.2
engine/memory/window_rank/update/16384/domain=16384/bytes=264/nulls=false/limit=1/last=false,67,5.0,15874747.0,3174949.4
engine/memory/window_rank/update/16384/domain=16384/bytes=264/nulls=false/limit=1/last=false,68,5.0,17378105.0,3475621.0
engine/memory/window_rank/update/16384/domain=16384/bytes=264/nulls=false/limit=1/last=false,69,5.0,15643578.0,3128715.6
engine/memory/window_rank/update/16384/domain=16384/bytes=264/nulls=false/limit=1/last=false,70,5.0,15586871.0,3117374.2
engine/memory/window_rank/update/16384/domain=16384/bytes=264/nulls=false/limit=1/last=false,71,5.0,14586626.0,2917325.2
engine/memory/window_rank/update/16384/domain=16384/bytes=264/nulls=false/limit=1/last=false,72,5.0,15103444.0,3020688.8
engine/memory/window_rank/update/16384/domain=16384/bytes=264/nulls=false/limit=1/last=false,73,5.0,15328472.0,3065694.4
engine/memory/window_rank/update/16384/domain=16384/bytes=264/nulls=false/limit=1/last=false,74,5.0,16604832.0,3320966.4
engine/memory/window_rank/update/16384/domain=16384/bytes=264/nulls=false/limit=1/last=false,75,5.0,15798736.0,3159747.2
engine/memory/window_rank/update/16384/domain=16384/bytes=264/nulls=false/limit=1/last=false,76,5.0,13602719.0,2720543.8
engine/memory/window_rank/update/16384/domain=16384/bytes=264/nulls=false/limit=1/last=false,77,5.0,15201241.0,3040248.2
engine/memory/window_rank/update/16384/domain=16384/bytes=264/nulls=false/limit=1/last=false,78,5.0,15650537.0,3130107.4
engine/memory/window_rank/update/16384/domain=16384/bytes=264/nulls=false/limit=1/last=false,79,5.0,15993536.0,3198707.2
engine/memory/window_rank/update/16384/domain=16384/bytes=264/nulls=false/limit=1/last=false,80,5.0,15825371.0,3165074.2
engine/memory/window_rank/update/16384/domain=16384/bytes=264/nulls=false/limit=1/last=false,81,5.0,15374097.0,3074819.4
engine/memory/window_rank/update/16384/domain=16384/bytes=264/nulls=false/limit=1/last=false,82,5.0,15024704.0,3004940.8
engine/memory/window_rank/update/16384/domain=16384/bytes=264/nulls=false/limit=1/last=false,83,5.0,15322513.0,3064502.6
engine/memory/window_rank/update/16384/domain=16384/bytes=264/nulls=false/limit=1/last=false,84,5.0,14625461.0,2925092.2
engine/memory/window_rank/update/16384/domain=16384/bytes=264/nulls=false/limit=1/last=false,85,5.0,14955193.0,2991038.6
engine/memory/window_rank/update/16384/domain=16384/bytes=264/nulls=false/limit=1/last=false,86,5.0,15133151.0,3026630.2
engine/memory/window_rank/update/16384/domain=16384/bytes=264/nulls=false/limit=1/last=false,87,5.0,14113663.0,2822732.6
engine/memory/window_rank/update/16384/domain=16384/bytes=264/nulls=false/limit=1/last=false,88,5.0,15600490.0,3120098.0
engine/memory/window_rank/update/16384/domain=16384/bytes=264/nulls=false/limit=1/last=false,89,5.0,14230793.0,2846158.6
engine/memory/window_rank/update/16384/domain=16384/bytes=264/nulls=false/limit=1/last=false,90,5.0,18209699.0,3641939.8
engine/memory/window_rank/update/16384/domain=16384/bytes=264/nulls=false/limit=1/last=false,91,5.0,18179371.0,3635874.2
engine/memory/window_rank/update/16384/domain=16384/bytes=264/nulls=false/limit=1/last=false,92,5.0,14965834.0,2993166.8
engine/memory/window_rank/update/16384/domain=16384/bytes=264/nulls=false/limit=1/last=false,93,5.0,14389156.0,2877831.2
engine/memory/window_rank/update/16384/domain=16384/bytes=264/nulls=false/limit=1/last=false,94,5.0,15122055.0,3024411.0
engine/memory/window_rank/update/16384/domain=16384/bytes=264/nulls=false/limit=1/last=false,95,5.0,15807431.0,3161486.2
engine/memory/window_rank/update/16384/domain=16384/bytes=264/nulls=false/limit=1/last=false,96,5.0,14097005.0,2819401.0
engine/memory/window_rank/update/16384/domain=16384/bytes=264/nulls=false/limit=1/last=false,97,5.0,16317865.0,3263573.0
engine/memory/window_rank/update/16384/domain=16384/bytes=264/nulls=false/limit=1/last=false,98,5.0,17924443.0,3584888.6
engine/memory/window_rank/update/16384/domain=16384/bytes=264/nulls=false/limit=1/last=false,99,5.0,15976403.0,3195280.6
engine/memory/window_rank/update/16384/domain=16384/bytes=264/nulls=false/limit=1/last=false,100,5.0,17137192.0,3427438.4
engine/memory/window_rank/update/16384/domain=8/bytes=264/nulls=false/limit=1/last=false,1,11.0,25451855.0,2313805.0
engine/memory/window_rank/update/16384/domain=8/bytes=264/nulls=false/limit=1/last=false,2,11.0,25119885.0,2283625.909090909
engine/memory/window_rank/update/16384/domain=8/bytes=264/nulls=false/limit=1/last=false,3,11.0,25853306.0,2350300.5454545454
engine/memory/window_rank/update/16384/domain=8/bytes=264/nulls=false/limit=1/last=false,4,11.0,25656106.0,2332373.272727273
engine/memory/window_rank/update/16384/domain=8/bytes=264/nulls=false/limit=1/last=false,5,11.0,25740076.0,2340006.909090909
engine/memory/window_rank/update/16384/domain=8/bytes=264/nulls=false/limit=1/last=false,6,11.0,25147816.0,2286165.090909091
engine/memory/window_rank/update/16384/domain=8/bytes=264/nulls=false/limit=1/last=false,7,11.0,25071019.0,2279183.5454545454
engine/memory/window_rank/update/16384/domain=8/bytes=264/nulls=false/limit=1/last=false,8,11.0,25730904.0,2339173.090909091
engine/memory/window_rank/update/16384/domain=8/bytes=264/nulls=false/limit=1/last=false,9,11.0,25852379.0,2350216.272727273
engine/memory/window_rank/update/16384/domain=8/bytes=264/nulls=false/limit=1/last=false,10,11.0,25719958.0,2338178.0
engine/memory/window_rank/update/16384/domain=8/bytes=264/nulls=false/limit=1/last=false,11,11.0,25197346.0,2290667.8181818184
engine/memory/window_rank/update/16384/domain=8/bytes=264/nulls=false/limit=1/last=false,12,11.0,26731979.0,2430179.909090909
engine/memory/window_rank/update/16384/domain=8/bytes=264/nulls=false/limit=1/last=false,13,11.0,26042315.0,2367483.1818181816
engine/memory/window_rank/update/16384/domain=8/bytes=264/nulls=false/limit=1/last=false,14,11.0,25488255.0,2317114.090909091
engine/memory/window_rank/update/16384/domain=8/bytes=264/nulls=false/limit=1/last=false,15,11.0,25529078.0,2320825.272727273
engine/memory/window_rank/update/16384/domain=8/bytes=264/nulls=false/limit=1/last=false,16,11.0,25112994.0,2282999.4545454546
engine/memory/window_rank/update/16384/domain=8/bytes=264/nulls=false/limit=1/last=false,17,11.0,25481575.0,2316506.8181818184
engine/memory/window_rank/update/16384/domain=8/bytes=264/nulls=false/limit=1/last=false,18,11.0,25479430.0,2316311.8181818184
engine/memory/window_rank/update/16384/domain=8/bytes=264/nulls=false/limit=1/last=false,19,11.0,25663056.0,2333005.090909091
engine/memory/window_rank/update/16384/domain=8/bytes=264/nulls=false/limit=1/last=false,20,11.0,25375732.0,2306884.727272727
engine/memory/window_rank/update/16384/domain=8/bytes=264/nulls=false/limit=1/last=false,21,11.0,25417500.0,2310681.8181818184
engine/memory/window_rank/update/16384/domain=8/bytes=264/nulls=false/limit=1/last=false,22,11.0,25487130.0,2317011.8181818184
engine/memory/window_rank/update/16384/domain=8/bytes=264/nulls=false/limit=1/last=false,23,11.0,25593169.0,2326651.727272727
engine/memory/window_rank/update/16384/domain=8/bytes=264/nulls=false/limit=1/last=false,24,11.0,25573596.0,2324872.3636363638
engine/memory/window_rank/update/16384/domain=8/bytes=264/nulls=false/limit=1/last=false,25,11.0,25256110.0,2296010.0
engine/memory/window_rank/update/16384/domain=8/bytes=264/nulls=false/limit=1/last=false,26,11.0,25018359.0,2274396.272727273
engine/memory/window_rank/update/16384/domain=8/bytes=264/nulls=false/limit=1/last=false,27,11.0,25879344.0,2352667.6363636362
engine/memory/window_rank/update/16384/domain=8/bytes=264/nulls=false/limit=1/last=false,28,11.0,25181160.0,2289196.3636363638
engine/memory/window_rank/update/16384/domain=8/bytes=264/nulls=false/limit=1/last=false,29,11.0,25126124.0,2284193.090909091
engine/memory/window_rank/update/16384/domain=8/bytes=264/nulls=false/limit=1/last=false,30,11.0,25000314.0,2272755.8181818184
engine/memory/window_rank/update/16384/domain=8/bytes=264/nulls=false/limit=1/last=false,31,11.0,24716948.0,2246995.272727273
engine/memory/window_rank/update/16384/domain=8/bytes=264/nulls=false/limit=1/last=false,32,11.0,25320146.0,2301831.4545454546
engine/memory/window_rank/update/16384/domain=8/bytes=264/nulls=false/limit=1/last=false,33,11.0,25245484.0,2295044.0
engine/memory/window_rank/update/16384/domain=8/bytes=264/nulls=false/limit=1/last=false,34,11.0,25508033.0,2318912.090909091
engine/memory/window_rank/update/16384/domain=8/bytes=264/nulls=false/limit=1/last=false,35,11.0,25675848.0,2334168.0
engine/memory/window_rank/update/16384/domain=8/bytes=264/nulls=false/limit=1/last=false,36,11.0,25182631.0,2289330.090909091
engine/memory/window_rank/update/16384/domain=8/bytes=264/nulls=false/limit=1/last=false,37,11.0,25660726.0,2332793.272727273
engine/memory/window_rank/update/16384/domain=8/bytes=264/nulls=false/limit=1/last=false,38,11.0,25097937.0,2281630.6363636362
engine/memory/window_rank/update/16384/domain=8/bytes=264/nulls=false/limit=1/last=false,39,11.0,25154618.0,2286783.4545454546
engine/memory/window_rank/update/16384/domain=8/bytes=264/nulls=false/limit=1/last=false,40,11.0,25333850.0,2303077.272727273
engine/memory/window_rank/update/16384/domain=8/bytes=264/nulls=false/limit=1/last=false,41,11.0,25243320.0,2294847.272727273
engine/memory/window_rank/update/16384/domain=8/bytes=264/nulls=false/limit=1/last=false,42,11.0,25048837.0,2277167.0
engine/memory/window_rank/update/16384/domain=8/bytes=264/nulls=false/limit=1/last=false,43,11.0,27006595.0,2455145.0
engine/memory/window_rank/update/16384/domain=8/bytes=264/nulls=false/limit=1/last=false,44,11.0,25726295.0,2338754.090909091
engine/memory/window_rank/update/16384/domain=8/bytes=264/nulls=false/limit=1/last=false,45,11.0,25832298.0,2348390.727272727
engine/memory/window_rank/update/16384/domain=8/bytes=264/nulls=false/limit=1/last=false,46,11.0,25028940.0,2275358.1818181816
engine/memory/window_rank/update/16384/domain=8/bytes=264/nulls=false/limit=1/last=false,47,11.0,25777077.0,2343370.6363636362
engine/memory/window_rank/update/16384/domain=8/bytes=264/nulls=false/limit=1/last=false,48,11.0,25081058.0,2280096.1818181816
engine/memory/window_rank/update/16384/domain=8/bytes=264/nulls=false/limit=1/last=false,49,11.0,25564901.0,2324081.909090909
engine/memory/window_rank/update/16384/domain=8/bytes=264/nulls=false/limit=1/last=false,50,11.0,25326930.0,2302448.1818181816
engine/memory/window_rank/update/16384/domain=8/bytes=264/nulls=false/limit=1/last=false,51,11.0,25596995.0,2326999.5454545454
engine/memory/window_rank/update/16384/domain=8/bytes=264/nulls=false/limit=1/last=false,52,11.0,25189738.0,2289976.1818181816
engine/memory/window_rank/update/16384/domain=8/bytes=264/nulls=false/limit=1/last=false,53,11.0,25266013.0,2296910.272727273
engine/memory/window_rank/update/16384/domain=8/bytes=264/nulls=false/limit=1/last=false,54,11.0,24905306.0,2264118.727272727
engine/memory/window_rank/update/16384/domain=8/bytes=264/nulls=false/limit=1/last=false,55,11.0,25857854.0,2350714.0
engine/memory/window_rank/update/16384/domain=8/bytes=264/nulls=false/limit=1/last=false,56,11.0,25417673.0,2310697.5454545454
engine/memory/window_rank/update/16384/domain=8/bytes=264/nulls=false/limit=1/last=false,57,11.0,25320661.0,2301878.272727273
engine/memory/window_rank/update/16384/domain=8/bytes=264/nulls=false/limit=1/last=false,58,11.0,25446313.0,2313301.1818181816
engine/memory/window_rank/update/16384/domain=8/bytes=264/nulls=false/limit=1/last=false,59,11.0,25533351.0,2321213.727272727
engine/memory/window_rank/update/16384/domain=8/bytes=264/nulls=false/limit=1/last=false,60,11.0,25358266.0,2305296.909090909
engine/memory/window_rank/update/16384/domain=8/bytes=264/nulls=false/limit=1/last=false,61,11.0,25770704.0,2342791.272727273
engine/memory/window_rank/update/16384/domain=8/bytes=264/nulls=false/limit=1/last=false,62,11.0,25419567.0,2310869.727272727
engine/memory/window_rank/update/16384/domain=8/bytes=264/nulls=false/limit=1/last=false,63,11.0,25529367.0,2320851.5454545454
engine/memory/window_rank/update/16384/domain=8/bytes=264/nulls=false/limit=1/last=false,64,11.0,25130535.0,2284594.090909091
engine/memory/window_rank/update/16384/domain=8/bytes=264/nulls=false/limit=1/last=false,65,11.0,25929852.0,2357259.272727273
engine/memory/window_rank/update/16384/domain=8/bytes=264/nulls=false/limit=1/last=false,66,11.0,25904013.0,2354910.272727273
engine/memory/window_rank/update/16384/domain=8/bytes=264/nulls=false/limit=1/last=false,67,11.0,25544661.0,2322241.909090909
engine/memory/window_rank/update/16384/domain=8/bytes=264/nulls=false/limit=1/last=false,68,11.0,25644695.0,2331335.909090909
engine/memory/window_rank/update/16384/domain=8/bytes=264/nulls=false/limit=1/last=false,69,11.0,25310618.0,2300965.272727273
engine/memory/window_rank/update/16384/domain=8/bytes=264/nulls=false/limit=1/last=false,70,11.0,25282311.0,2298391.909090909
engine/memory/window_rank/update/16384/domain=8/bytes=264/nulls=false/limit=1/last=false,71,11.0,27058911.0,2459901.0
engine/memory/window_rank/update/16384/domain=8/bytes=264/nulls=false/limit=1/last=false,72,11.0,25675486.0,2334135.090909091
engine/memory/window_rank/update/16384/domain=8/bytes=264/nulls=false/limit=1/last=false,73,11.0,25566601.0,2324236.4545454546
engine/memory/window_rank/update/16384/domain=8/bytes=264/nulls=false/limit=1/last=false,74,11.0,25399539.0,2309049.0
engine/memory/window_rank/update/16384/domain=8/bytes=264/nulls=false/limit=1/last=false,75,11.0,25231786.0,2293798.727272727
engine/memory/window_rank/update/16384/domain=8/bytes=264/nulls=false/limit=1/last=false,76,11.0,25664372.0,2333124.727272727
engine/memory/window_rank/update/16384/domain=8/bytes=264/nulls=false/limit=1/last=false,77,11.0,25746597.0,2340599.727272727
engine/memory/window_rank/update/16384/domain=8/bytes=264/nulls=false/limit=1/last=false,78,11.0,25382075.0,2307461.3636363638
engine/memory/window_rank/update/16384/domain=8/bytes=264/nulls=false/limit=1/last=false,79,11.0,25762607.0,2342055.1818181816
engine/memory/window_rank/update/16384/domain=8/bytes=264/nulls=false/limit=1/last=false,80,11.0,25574695.0,2324972.272727273
engine/memory/window_rank/update/16384/domain=8/bytes=264/nulls=false/limit=1/last=false,81,11.0,25452290.0,2313844.5454545454
engine/memory/window_rank/update/16384/domain=8/bytes=264/nulls=false/limit=1/last=false,82,11.0,25818915.0,2347174.090909091
engine/memory/window_rank/update/16384/domain=8/bytes=264/nulls=false/limit=1/last=false,83,11.0,25421084.0,2311007.6363636362
engine/memory/window_rank/update/16384/domain=8/bytes=264/nulls=false/limit=1/last=false,84,11.0,25912773.0,2355706.6363636362
engine/memory/window_rank/update/16384/domain=8/bytes=264/nulls=false/limit=1/last=false,85,11.0,25290421.0,2299129.1818181816
engine/memory/window_rank/update/16384/domain=8/bytes=264/nulls=false/limit=1/last=false,86,11.0,25536306.0,2321482.3636363638
engine/memory/window_rank/update/16384/domain=8/bytes=264/nulls=false/limit=1/last=false,87,11.0,25562499.0,2323863.5454545454
engine/memory/window_rank/update/16384/domain=8/bytes=264/nulls=false/limit=1/last=false,88,11.0,25738594.0,2339872.1818181816
engine/memory/window_rank/update/16384/domain=8/bytes=264/nulls=false/limit=1/last=false,89,11.0,25166885.0,2287898.6363636362
engine/memory/window_rank/update/16384/domain=8/bytes=264/nulls=false/limit=1/last=false,90,11.0,26124587.0,2374962.4545454546
engine/memory/window_rank/update/16384/domain=8/bytes=264/nulls=false/limit=1/last=false,91,11.0,25489127.0,2317193.3636363638
engine/memory/window_rank/update/16384/domain=8/bytes=264/nulls=false/limit=1/last=false,92,11.0,25669301.0,2333572.8181818184
engine/memory/window_rank/update/16384/domain=8/bytes=264/nulls=false/limit=1/last=false,93,11.0,25214906.0,2292264.1818181816
engine/memory/window_rank/update/16384/domain=8/bytes=264/nulls=false/limit=1/last=false,94,11.0,25637277.0,2330661.5454545454
engine/memory/window_rank/update/16384/domain=8/bytes=264/nulls=false/limit=1/last=false,95,11.0,25887132.0,2353375.6363636362
engine/memory/window_rank/update/16384/domain=8/bytes=264/nulls=false/limit=1/last=false,96,11.0,25784991.0,2344090.090909091
engine/memory/window_rank/update/16384/domain=8/bytes=264/nulls=false/limit=1/last=false,97,11.0,25693327.0,2335757.0
engine/memory/window_rank/update/16384/domain=8/bytes=264/nulls=false/limit=1/last=false,98,11.0,25900681.0,2354607.3636363638
engine/memory/window_rank/update/16384/domain=8/bytes=264/nulls=false/limit=1/last=false,99,11.0,25498837.0,2318076.090909091
engine/memory/window_rank/update/16384/domain=8/bytes=264/nulls=false/limit=1/last=false,100,11.0,25065833.0,2278712.090909091
