stage,query,engine,phase,run,seconds,output_rows,flink_version,state_backend,source,sink,mini_batch,input_events,parallelism,kafka_partitions,managed_memory_mib,heap_gib,native_build
initial_full_suite,q23,Flink,warmup,1,11.906,,1.18.1,disk,kafka,paimon,false,2000000,4,4,512,3,release
initial_full_suite,q23,Flink,measured,2,12.709,,1.18.1,disk,kafka,paimon,false,2000000,4,4,512,3,release
initial_full_suite,q23,Flink,measured,3,12.709,5520000,1.18.1,disk,kafka,paimon,false,2000000,4,4,512,3,release
initial_full_suite,q23,StreamFusion,warmup,1,22.504,,1.18.1,disk,kafka,paimon,false,2000000,4,4,512,3,release
initial_full_suite,q23,StreamFusion,measured,2,22.114,,1.18.1,disk,kafka,paimon,false,2000000,4,4,512,3,release
initial_full_suite,q23,StreamFusion,measured,3,23.214,5520000,1.18.1,disk,kafka,paimon,false,2000000,4,4,512,3,release
idle_rerun,q23,Flink,warmup,1,16.202,,1.18.1,disk,kafka,paimon,false,2000000,4,4,512,3,release
idle_rerun,q23,Flink,measured,2,23.484,,1.18.1,disk,kafka,paimon,false,2000000,4,4,512,3,release
idle_rerun,q23,Flink,measured,3,41.779,5520000,1.18.1,disk,kafka,paimon,false,2000000,4,4,512,3,release
idle_rerun,q23,StreamFusion,warmup,1,23.064,,1.18.1,disk,kafka,paimon,false,2000000,4,4,512,3,release
idle_rerun,q23,StreamFusion,measured,2,21.838,,1.18.1,disk,kafka,paimon,false,2000000,4,4,512,3,release
idle_rerun,q23,StreamFusion,measured,3,22.435,5520000,1.18.1,disk,kafka,paimon,false,2000000,4,4,512,3,release
rejected_writeback_buffer_reuse,q23,Flink,warmup,1,21.573,,1.18.1,disk,kafka,paimon,false,2000000,4,4,512,3,release
rejected_writeback_buffer_reuse,q23,Flink,measured,2,24.502,,1.18.1,disk,kafka,paimon,false,2000000,4,4,512,3,release
rejected_writeback_buffer_reuse,q23,Flink,measured,3,18.157,5520000,1.18.1,disk,kafka,paimon,false,2000000,4,4,512,3,release
rejected_writeback_buffer_reuse,q23,StreamFusion,warmup,1,22.302,,1.18.1,disk,kafka,paimon,false,2000000,4,4,512,3,release
rejected_writeback_buffer_reuse,q23,StreamFusion,measured,2,48.117,,1.18.1,disk,kafka,paimon,false,2000000,4,4,512,3,release
rejected_writeback_buffer_reuse,q23,StreamFusion,measured,3,22.038,5520000,1.18.1,disk,kafka,paimon,false,2000000,4,4,512,3,release
selective_record_state,q23,Flink,warmup,1,14.917,,1.18.1,disk,kafka,paimon,false,2000000,4,4,512,3,release
selective_record_state,q23,Flink,measured,2,13.016,,1.18.1,disk,kafka,paimon,false,2000000,4,4,512,3,release
selective_record_state,q23,Flink,measured,3,11.339,5520000,1.18.1,disk,kafka,paimon,false,2000000,4,4,512,3,release
selective_record_state,q23,StreamFusion,warmup,1,5.270,,1.18.1,disk,kafka,paimon,false,2000000,4,4,512,3,release
selective_record_state,q23,StreamFusion,measured,2,4.055,,1.18.1,disk,kafka,paimon,false,2000000,4,4,512,3,release
selective_record_state,q23,StreamFusion,measured,3,4.084,5520000,1.18.1,disk,kafka,paimon,false,2000000,4,4,512,3,release
