case,allocation_calls,requested_bytes,shared_output_buffer_bytes,new_output_buffer_bytes
over/checkpoint_after_fire/16/domain=8/bytes=8/nulls=false,19,480,0,0
over/restore_fold_aligned/16/domain=8/bytes=8/nulls=false,85,5182,0,0
over/restore_fold_rebuilt/16/domain=8/bytes=8/nulls=false,96,5425,0,0
over/checkpoint_after_fire/16/domain=8/bytes=8/nulls=true,19,480,0,0
over/restore_fold_aligned/16/domain=8/bytes=8/nulls=true,85,5182,0,0
over/restore_fold_rebuilt/16/domain=8/bytes=8/nulls=true,96,5407,0,0
over/checkpoint_after_fire/16/domain=8/bytes=264/nulls=false,19,480,0,0
over/restore_fold_aligned/16/domain=8/bytes=264/nulls=false,85,5182,0,0
over/restore_fold_rebuilt/16/domain=8/bytes=264/nulls=false,96,7681,0,0
over/checkpoint_after_fire/16/domain=8/bytes=264/nulls=true,19,480,0,0
over/restore_fold_aligned/16/domain=8/bytes=264/nulls=true,85,5182,0,0
over/restore_fold_rebuilt/16/domain=8/bytes=264/nulls=true,96,7381,0,0
over/checkpoint_after_fire/16/domain=16/bytes=8/nulls=false,19,480,0,0
over/restore_fold_aligned/16/domain=16/bytes=8/nulls=false,85,5182,0,0
over/restore_fold_rebuilt/16/domain=16/bytes=8/nulls=false,96,5425,0,0
over/checkpoint_after_fire/16/domain=16/bytes=8/nulls=true,19,480,0,0
over/restore_fold_aligned/16/domain=16/bytes=8/nulls=true,85,5182,0,0
over/restore_fold_rebuilt/16/domain=16/bytes=8/nulls=true,96,5407,0,0
over/checkpoint_after_fire/16/domain=16/bytes=264/nulls=false,19,480,0,0
over/restore_fold_aligned/16/domain=16/bytes=264/nulls=false,85,5182,0,0
over/restore_fold_rebuilt/16/domain=16/bytes=264/nulls=false,96,7681,0,0
over/checkpoint_after_fire/16/domain=16/bytes=264/nulls=true,19,480,0,0
over/restore_fold_aligned/16/domain=16/bytes=264/nulls=true,85,5182,0,0
over/restore_fold_rebuilt/16/domain=16/bytes=264/nulls=true,96,7381,0,0
over/checkpoint_after_fire/1024/domain=8/bytes=8/nulls=false,19,480,0,0
over/restore_fold_aligned/1024/domain=8/bytes=8/nulls=false,85,5182,0,0
over/restore_fold_rebuilt/1024/domain=8/bytes=8/nulls=false,1104,39409,0,0
over/checkpoint_after_fire/1024/domain=8/bytes=8/nulls=true,19,480,0,0
over/restore_fold_aligned/1024/domain=8/bytes=8/nulls=true,85,5182,0,0
over/restore_fold_rebuilt/1024/domain=8/bytes=8/nulls=true,1104,38059,0,0
over/checkpoint_after_fire/1024/domain=8/bytes=264/nulls=false,19,480,0,0
over/restore_fold_aligned/1024/domain=8/bytes=264/nulls=false,85,5182,0,0
over/restore_fold_rebuilt/1024/domain=8/bytes=264/nulls=false,1104,183577,0,0
over/checkpoint_after_fire/1024/domain=8/bytes=264/nulls=true,19,480,0,0
over/restore_fold_aligned/1024/domain=8/bytes=264/nulls=true,85,5182,0,0
over/restore_fold_rebuilt/1024/domain=8/bytes=264/nulls=true,1104,161677,0,0
over/checkpoint_after_fire/1024/domain=1024/bytes=8/nulls=false,19,480,0,0
over/restore_fold_aligned/1024/domain=1024/bytes=8/nulls=false,85,5182,0,0
over/restore_fold_rebuilt/1024/domain=1024/bytes=8/nulls=false,2112,55033,0,0
over/checkpoint_after_fire/1024/domain=1024/bytes=8/nulls=true,19,480,0,0
over/restore_fold_aligned/1024/domain=1024/bytes=8/nulls=true,85,5182,0,0
over/restore_fold_rebuilt/1024/domain=1024/bytes=8/nulls=true,2112,53683,0,0
over/checkpoint_after_fire/1024/domain=1024/bytes=264/nulls=false,19,480,0,0
over/restore_fold_aligned/1024/domain=1024/bytes=264/nulls=false,85,5182,0,0
over/restore_fold_rebuilt/1024/domain=1024/bytes=264/nulls=false,2112,199201,0,0
over/checkpoint_after_fire/1024/domain=1024/bytes=264/nulls=true,19,480,0,0
over/restore_fold_aligned/1024/domain=1024/bytes=264/nulls=true,85,5182,0,0
over/restore_fold_rebuilt/1024/domain=1024/bytes=264/nulls=true,2112,177301,0,0
over/checkpoint_after_fire/16384/domain=8/bytes=8/nulls=false,19,480,0,0
over/restore_fold_aligned/16384/domain=8/bytes=8/nulls=false,85,5182,0,0
over/restore_fold_rebuilt/16384/domain=8/bytes=8/nulls=false,16464,627481,0,0
over/checkpoint_after_fire/16384/domain=8/bytes=8/nulls=true,19,480,0,0
over/restore_fold_aligned/16384/domain=8/bytes=8/nulls=true,85,5182,0,0
over/restore_fold_rebuilt/16384/domain=8/bytes=8/nulls=true,16464,595891,0,0
over/checkpoint_after_fire/16384/domain=8/bytes=264/nulls=false,22,511,0,0
over/restore_fold_aligned/16384/domain=8/bytes=264/nulls=false,91,5335,0,0
over/restore_fold_rebuilt/16384/domain=8/bytes=264/nulls=false,16464,2863897,0,0
over/checkpoint_after_fire/16384/domain=8/bytes=264/nulls=true,22,511,0,0
over/restore_fold_aligned/16384/domain=8/bytes=264/nulls=true,91,5335,0,0
over/restore_fold_rebuilt/16384/domain=8/bytes=264/nulls=true,16464,2512897,0,0
over/checkpoint_after_fire/16384/domain=16384/bytes=8/nulls=false,19,480,0,0
over/restore_fold_aligned/16384/domain=16384/bytes=8/nulls=false,85,5182,0,0
over/restore_fold_rebuilt/16384/domain=16384/bytes=8/nulls=false,32832,881185,0,0
over/checkpoint_after_fire/16384/domain=16384/bytes=8/nulls=true,19,480,0,0
over/restore_fold_aligned/16384/domain=16384/bytes=8/nulls=true,85,5182,0,0
over/restore_fold_rebuilt/16384/domain=16384/bytes=8/nulls=true,32832,849595,0,0
over/checkpoint_after_fire/16384/domain=16384/bytes=264/nulls=false,22,511,0,0
over/restore_fold_aligned/16384/domain=16384/bytes=264/nulls=false,91,5335,0,0
over/restore_fold_rebuilt/16384/domain=16384/bytes=264/nulls=false,32832,3117601,0,0
over/checkpoint_after_fire/16384/domain=16384/bytes=264/nulls=true,22,511,0,0
over/restore_fold_aligned/16384/domain=16384/bytes=264/nulls=true,91,5335,0,0
over/restore_fold_rebuilt/16384/domain=16384/bytes=264/nulls=true,32832,2766601,0,0
