case,sample,iterations,elapsed_ns,sampling_mode
engine/rocksdb/tumbling_sum/tumbling/update/16384/domain=16384/bytes=264/nulls=false,0,1.0,58156203.0,Flat
engine/rocksdb/tumbling_sum/tumbling/update/16384/domain=16384/bytes=264/nulls=false,1,1.0,60906483.0,Flat
engine/rocksdb/tumbling_sum/tumbling/update/16384/domain=16384/bytes=264/nulls=false,2,1.0,58573723.0,Flat
engine/rocksdb/tumbling_sum/tumbling/update/16384/domain=16384/bytes=264/nulls=false,3,1.0,56892596.0,Flat
engine/rocksdb/tumbling_sum/tumbling/update/16384/domain=16384/bytes=264/nulls=false,4,1.0,57782254.0,Flat
engine/rocksdb/tumbling_sum/tumbling/update/16384/domain=16384/bytes=264/nulls=false,5,1.0,57676049.0,Flat
engine/rocksdb/tumbling_sum/tumbling/update/16384/domain=16384/bytes=264/nulls=false,6,1.0,57352795.0,Flat
engine/rocksdb/tumbling_sum/tumbling/update/16384/domain=16384/bytes=264/nulls=false,7,1.0,60423257.0,Flat
engine/rocksdb/tumbling_sum/tumbling/update/16384/domain=16384/bytes=264/nulls=false,8,1.0,58851331.0,Flat
engine/rocksdb/tumbling_sum/tumbling/update/16384/domain=16384/bytes=264/nulls=false,9,1.0,60528156.0,Flat
engine/rocksdb/tumbling_sum/tumbling/update/16384/domain=16384/bytes=264/nulls=false,10,1.0,60258596.0,Flat
engine/rocksdb/tumbling_sum/tumbling/update/16384/domain=16384/bytes=264/nulls=false,11,1.0,59551977.0,Flat
engine/rocksdb/tumbling_sum/tumbling/update/16384/domain=16384/bytes=264/nulls=false,12,1.0,58936160.0,Flat
engine/rocksdb/tumbling_sum/tumbling/update/16384/domain=16384/bytes=264/nulls=false,13,1.0,59761439.0,Flat
engine/rocksdb/tumbling_sum/tumbling/update/16384/domain=16384/bytes=264/nulls=false,14,1.0,57117792.0,Flat
engine/rocksdb/tumbling_sum/tumbling/update/16384/domain=16384/bytes=264/nulls=false,15,1.0,58401499.0,Flat
engine/rocksdb/tumbling_sum/tumbling/update/16384/domain=16384/bytes=264/nulls=false,16,1.0,59738305.0,Flat
engine/rocksdb/tumbling_sum/tumbling/update/16384/domain=16384/bytes=264/nulls=false,17,1.0,58088505.0,Flat
engine/rocksdb/tumbling_sum/tumbling/update/16384/domain=16384/bytes=264/nulls=false,18,1.0,60181426.0,Flat
engine/rocksdb/tumbling_sum/tumbling/update/16384/domain=16384/bytes=264/nulls=false,19,1.0,60277660.0,Flat
engine/rocksdb/tumbling_sum/tumbling/update/16384/domain=16384/bytes=264/nulls=false,20,1.0,59084938.0,Flat
engine/rocksdb/tumbling_sum/tumbling/update/16384/domain=16384/bytes=264/nulls=false,21,1.0,59090643.0,Flat
engine/rocksdb/tumbling_sum/tumbling/update/16384/domain=16384/bytes=264/nulls=false,22,1.0,57207949.0,Flat
engine/rocksdb/tumbling_sum/tumbling/update/16384/domain=16384/bytes=264/nulls=false,23,1.0,59414585.0,Flat
engine/rocksdb/tumbling_sum/tumbling/update/16384/domain=16384/bytes=264/nulls=false,24,1.0,60792100.0,Flat
engine/rocksdb/tumbling_sum/tumbling/update/16384/domain=16384/bytes=264/nulls=false,25,1.0,58170244.0,Flat
engine/rocksdb/tumbling_sum/tumbling/update/16384/domain=16384/bytes=264/nulls=false,26,1.0,57711984.0,Flat
engine/rocksdb/tumbling_sum/tumbling/update/16384/domain=16384/bytes=264/nulls=false,27,1.0,58229686.0,Flat
engine/rocksdb/tumbling_sum/tumbling/update/16384/domain=16384/bytes=264/nulls=false,28,1.0,59471615.0,Flat
engine/rocksdb/tumbling_sum/tumbling/update/16384/domain=16384/bytes=264/nulls=false,29,1.0,59934245.0,Flat
engine/rocksdb/tumbling_sum/tumbling/update/16384/domain=16384/bytes=264/nulls=false,30,1.0,60612673.0,Flat
engine/rocksdb/tumbling_sum/tumbling/update/16384/domain=16384/bytes=264/nulls=false,31,1.0,60071519.0,Flat
engine/rocksdb/tumbling_sum/tumbling/update/16384/domain=16384/bytes=264/nulls=false,32,1.0,57932048.0,Flat
engine/rocksdb/tumbling_sum/tumbling/update/16384/domain=16384/bytes=264/nulls=false,33,1.0,58494648.0,Flat
engine/rocksdb/tumbling_sum/tumbling/update/16384/domain=16384/bytes=264/nulls=false,34,1.0,58979583.0,Flat
engine/rocksdb/tumbling_sum/tumbling/update/16384/domain=16384/bytes=264/nulls=false,35,1.0,58800705.0,Flat
engine/rocksdb/tumbling_sum/tumbling/update/16384/domain=16384/bytes=264/nulls=false,36,1.0,57744501.0,Flat
engine/rocksdb/tumbling_sum/tumbling/update/16384/domain=16384/bytes=264/nulls=false,37,1.0,58158506.0,Flat
engine/rocksdb/tumbling_sum/tumbling/update/16384/domain=16384/bytes=264/nulls=false,38,1.0,60356436.0,Flat
engine/rocksdb/tumbling_sum/tumbling/update/16384/domain=16384/bytes=264/nulls=false,39,1.0,59167544.0,Flat
engine/rocksdb/tumbling_sum/tumbling/update/16384/domain=16384/bytes=264/nulls=false,40,1.0,58353666.0,Flat
engine/rocksdb/tumbling_sum/tumbling/update/16384/domain=16384/bytes=264/nulls=false,41,1.0,58664130.0,Flat
engine/rocksdb/tumbling_sum/tumbling/update/16384/domain=16384/bytes=264/nulls=false,42,1.0,59004261.0,Flat
engine/rocksdb/tumbling_sum/tumbling/update/16384/domain=16384/bytes=264/nulls=false,43,1.0,59279930.0,Flat
engine/rocksdb/tumbling_sum/tumbling/update/16384/domain=16384/bytes=264/nulls=false,44,1.0,58752118.0,Flat
engine/rocksdb/tumbling_sum/tumbling/update/16384/domain=16384/bytes=264/nulls=false,45,1.0,57705070.0,Flat
engine/rocksdb/tumbling_sum/tumbling/update/16384/domain=16384/bytes=264/nulls=false,46,1.0,57708481.0,Flat
engine/rocksdb/tumbling_sum/tumbling/update/16384/domain=16384/bytes=264/nulls=false,47,1.0,61868946.0,Flat
engine/rocksdb/tumbling_sum/tumbling/update/16384/domain=16384/bytes=264/nulls=false,48,1.0,59631527.0,Flat
engine/rocksdb/tumbling_sum/tumbling/update/16384/domain=16384/bytes=264/nulls=false,49,1.0,60756431.0,Flat
engine/rocksdb/tumbling_sum/tumbling/update/16384/domain=16384/bytes=264/nulls=false,50,1.0,57529348.0,Flat
engine/rocksdb/tumbling_sum/tumbling/update/16384/domain=16384/bytes=264/nulls=false,51,1.0,56529807.0,Flat
engine/rocksdb/tumbling_sum/tumbling/update/16384/domain=16384/bytes=264/nulls=false,52,1.0,60444643.0,Flat
engine/rocksdb/tumbling_sum/tumbling/update/16384/domain=16384/bytes=264/nulls=false,53,1.0,58589987.0,Flat
engine/rocksdb/tumbling_sum/tumbling/update/16384/domain=16384/bytes=264/nulls=false,54,1.0,57790921.0,Flat
engine/rocksdb/tumbling_sum/tumbling/update/16384/domain=16384/bytes=264/nulls=false,55,1.0,58152037.0,Flat
engine/rocksdb/tumbling_sum/tumbling/update/16384/domain=16384/bytes=264/nulls=false,56,1.0,58234284.0,Flat
engine/rocksdb/tumbling_sum/tumbling/update/16384/domain=16384/bytes=264/nulls=false,57,1.0,59992032.0,Flat
engine/rocksdb/tumbling_sum/tumbling/update/16384/domain=16384/bytes=264/nulls=false,58,1.0,62333253.0,Flat
engine/rocksdb/tumbling_sum/tumbling/update/16384/domain=16384/bytes=264/nulls=false,59,1.0,58234759.0,Flat
engine/rocksdb/tumbling_sum/tumbling/update/16384/domain=16384/bytes=264/nulls=false,60,1.0,56798278.0,Flat
engine/rocksdb/tumbling_sum/tumbling/update/16384/domain=16384/bytes=264/nulls=false,61,1.0,58092182.0,Flat
engine/rocksdb/tumbling_sum/tumbling/update/16384/domain=16384/bytes=264/nulls=false,62,1.0,57336593.0,Flat
engine/rocksdb/tumbling_sum/tumbling/update/16384/domain=16384/bytes=264/nulls=false,63,1.0,62706349.0,Flat
engine/rocksdb/tumbling_sum/tumbling/update/16384/domain=16384/bytes=264/nulls=false,64,1.0,58908566.0,Flat
engine/rocksdb/tumbling_sum/tumbling/update/16384/domain=16384/bytes=264/nulls=false,65,1.0,59743024.0,Flat
engine/rocksdb/tumbling_sum/tumbling/update/16384/domain=16384/bytes=264/nulls=false,66,1.0,59573852.0,Flat
engine/rocksdb/tumbling_sum/tumbling/update/16384/domain=16384/bytes=264/nulls=false,67,1.0,56708116.0,Flat
engine/rocksdb/tumbling_sum/tumbling/update/16384/domain=16384/bytes=264/nulls=false,68,1.0,58606146.0,Flat
engine/rocksdb/tumbling_sum/tumbling/update/16384/domain=16384/bytes=264/nulls=false,69,1.0,58538724.0,Flat
engine/rocksdb/tumbling_sum/tumbling/update/16384/domain=16384/bytes=264/nulls=false,70,1.0,57902595.0,Flat
engine/rocksdb/tumbling_sum/tumbling/update/16384/domain=16384/bytes=264/nulls=false,71,1.0,58845007.0,Flat
engine/rocksdb/tumbling_sum/tumbling/update/16384/domain=16384/bytes=264/nulls=false,72,1.0,58561364.0,Flat
engine/rocksdb/tumbling_sum/tumbling/update/16384/domain=16384/bytes=264/nulls=false,73,1.0,60454804.0,Flat
engine/rocksdb/tumbling_sum/tumbling/update/16384/domain=16384/bytes=264/nulls=false,74,1.0,59931702.0,Flat
engine/rocksdb/tumbling_sum/tumbling/update/16384/domain=16384/bytes=264/nulls=false,75,1.0,60094289.0,Flat
engine/rocksdb/tumbling_sum/tumbling/update/16384/domain=16384/bytes=264/nulls=false,76,1.0,58755229.0,Flat
engine/rocksdb/tumbling_sum/tumbling/update/16384/domain=16384/bytes=264/nulls=false,77,1.0,57032381.0,Flat
engine/rocksdb/tumbling_sum/tumbling/update/16384/domain=16384/bytes=264/nulls=false,78,1.0,58682222.0,Flat
engine/rocksdb/tumbling_sum/tumbling/update/16384/domain=16384/bytes=264/nulls=false,79,1.0,58948520.0,Flat
engine/rocksdb/tumbling_sum/tumbling/update/16384/domain=16384/bytes=264/nulls=false,80,1.0,56957212.0,Flat
engine/rocksdb/tumbling_sum/tumbling/update/16384/domain=16384/bytes=264/nulls=false,81,1.0,57451887.0,Flat
engine/rocksdb/tumbling_sum/tumbling/update/16384/domain=16384/bytes=264/nulls=false,82,1.0,59817764.0,Flat
engine/rocksdb/tumbling_sum/tumbling/update/16384/domain=16384/bytes=264/nulls=false,83,1.0,58169979.0,Flat
engine/rocksdb/tumbling_sum/tumbling/update/16384/domain=16384/bytes=264/nulls=false,84,1.0,60752871.0,Flat
engine/rocksdb/tumbling_sum/tumbling/update/16384/domain=16384/bytes=264/nulls=false,85,1.0,60041785.0,Flat
engine/rocksdb/tumbling_sum/tumbling/update/16384/domain=16384/bytes=264/nulls=false,86,1.0,61016234.0,Flat
engine/rocksdb/tumbling_sum/tumbling/update/16384/domain=16384/bytes=264/nulls=false,87,1.0,60740517.0,Flat
engine/rocksdb/tumbling_sum/tumbling/update/16384/domain=16384/bytes=264/nulls=false,88,1.0,60144307.0,Flat
engine/rocksdb/tumbling_sum/tumbling/update/16384/domain=16384/bytes=264/nulls=false,89,1.0,61068053.0,Flat
engine/rocksdb/tumbling_sum/tumbling/update/16384/domain=16384/bytes=264/nulls=false,90,1.0,58963198.0,Flat
engine/rocksdb/tumbling_sum/tumbling/update/16384/domain=16384/bytes=264/nulls=false,91,1.0,59785653.0,Flat
engine/rocksdb/tumbling_sum/tumbling/update/16384/domain=16384/bytes=264/nulls=false,92,1.0,60414498.0,Flat
engine/rocksdb/tumbling_sum/tumbling/update/16384/domain=16384/bytes=264/nulls=false,93,1.0,57988954.0,Flat
engine/rocksdb/tumbling_sum/tumbling/update/16384/domain=16384/bytes=264/nulls=false,94,1.0,57935006.0,Flat
engine/rocksdb/tumbling_sum/tumbling/update/16384/domain=16384/bytes=264/nulls=false,95,1.0,59039012.0,Flat
engine/rocksdb/tumbling_sum/tumbling/update/16384/domain=16384/bytes=264/nulls=false,96,1.0,62676286.0,Flat
engine/rocksdb/tumbling_sum/tumbling/update/16384/domain=16384/bytes=264/nulls=false,97,1.0,58383669.0,Flat
engine/rocksdb/tumbling_sum/tumbling/update/16384/domain=16384/bytes=264/nulls=false,98,1.0,63377008.0,Flat
engine/rocksdb/tumbling_sum/tumbling/update/16384/domain=16384/bytes=264/nulls=false,99,1.0,65417583.0,Flat
engine/rocksdb/tumbling_sum/tumbling/update/16384/domain=16384/bytes=264/nulls=true,0,1.0,51323081.0,Flat
engine/rocksdb/tumbling_sum/tumbling/update/16384/domain=16384/bytes=264/nulls=true,1,1.0,51503651.0,Flat
engine/rocksdb/tumbling_sum/tumbling/update/16384/domain=16384/bytes=264/nulls=true,2,1.0,52969821.0,Flat
engine/rocksdb/tumbling_sum/tumbling/update/16384/domain=16384/bytes=264/nulls=true,3,1.0,50631364.0,Flat
engine/rocksdb/tumbling_sum/tumbling/update/16384/domain=16384/bytes=264/nulls=true,4,1.0,52152845.0,Flat
engine/rocksdb/tumbling_sum/tumbling/update/16384/domain=16384/bytes=264/nulls=true,5,1.0,52305805.0,Flat
engine/rocksdb/tumbling_sum/tumbling/update/16384/domain=16384/bytes=264/nulls=true,6,1.0,53255844.0,Flat
engine/rocksdb/tumbling_sum/tumbling/update/16384/domain=16384/bytes=264/nulls=true,7,1.0,52909007.0,Flat
engine/rocksdb/tumbling_sum/tumbling/update/16384/domain=16384/bytes=264/nulls=true,8,1.0,54421916.0,Flat
engine/rocksdb/tumbling_sum/tumbling/update/16384/domain=16384/bytes=264/nulls=true,9,1.0,49968243.0,Flat
engine/rocksdb/tumbling_sum/tumbling/update/16384/domain=16384/bytes=264/nulls=true,10,1.0,53101656.0,Flat
engine/rocksdb/tumbling_sum/tumbling/update/16384/domain=16384/bytes=264/nulls=true,11,1.0,51525739.0,Flat
engine/rocksdb/tumbling_sum/tumbling/update/16384/domain=16384/bytes=264/nulls=true,12,1.0,54036091.0,Flat
engine/rocksdb/tumbling_sum/tumbling/update/16384/domain=16384/bytes=264/nulls=true,13,1.0,54452941.0,Flat
engine/rocksdb/tumbling_sum/tumbling/update/16384/domain=16384/bytes=264/nulls=true,14,1.0,52786337.0,Flat
engine/rocksdb/tumbling_sum/tumbling/update/16384/domain=16384/bytes=264/nulls=true,15,1.0,49998337.0,Flat
engine/rocksdb/tumbling_sum/tumbling/update/16384/domain=16384/bytes=264/nulls=true,16,1.0,49460228.0,Flat
engine/rocksdb/tumbling_sum/tumbling/update/16384/domain=16384/bytes=264/nulls=true,17,1.0,50157918.0,Flat
engine/rocksdb/tumbling_sum/tumbling/update/16384/domain=16384/bytes=264/nulls=true,18,1.0,53787886.0,Flat
engine/rocksdb/tumbling_sum/tumbling/update/16384/domain=16384/bytes=264/nulls=true,19,1.0,53321029.0,Flat
engine/rocksdb/tumbling_sum/tumbling/update/16384/domain=16384/bytes=264/nulls=true,20,1.0,51732344.0,Flat
engine/rocksdb/tumbling_sum/tumbling/update/16384/domain=16384/bytes=264/nulls=true,21,1.0,49147745.0,Flat
engine/rocksdb/tumbling_sum/tumbling/update/16384/domain=16384/bytes=264/nulls=true,22,1.0,51528495.0,Flat
engine/rocksdb/tumbling_sum/tumbling/update/16384/domain=16384/bytes=264/nulls=true,23,1.0,53139981.0,Flat
engine/rocksdb/tumbling_sum/tumbling/update/16384/domain=16384/bytes=264/nulls=true,24,1.0,51128470.0,Flat
engine/rocksdb/tumbling_sum/tumbling/update/16384/domain=16384/bytes=264/nulls=true,25,1.0,51735189.0,Flat
engine/rocksdb/tumbling_sum/tumbling/update/16384/domain=16384/bytes=264/nulls=true,26,1.0,51945255.0,Flat
engine/rocksdb/tumbling_sum/tumbling/update/16384/domain=16384/bytes=264/nulls=true,27,1.0,52598750.0,Flat
engine/rocksdb/tumbling_sum/tumbling/update/16384/domain=16384/bytes=264/nulls=true,28,1.0,52624452.0,Flat
engine/rocksdb/tumbling_sum/tumbling/update/16384/domain=16384/bytes=264/nulls=true,29,1.0,55685714.0,Flat
engine/rocksdb/tumbling_sum/tumbling/update/16384/domain=16384/bytes=264/nulls=true,30,1.0,51349470.0,Flat
engine/rocksdb/tumbling_sum/tumbling/update/16384/domain=16384/bytes=264/nulls=true,31,1.0,50998940.0,Flat
engine/rocksdb/tumbling_sum/tumbling/update/16384/domain=16384/bytes=264/nulls=true,32,1.0,51133867.0,Flat
engine/rocksdb/tumbling_sum/tumbling/update/16384/domain=16384/bytes=264/nulls=true,33,1.0,60621442.0,Flat
engine/rocksdb/tumbling_sum/tumbling/update/16384/domain=16384/bytes=264/nulls=true,34,1.0,50928043.0,Flat
engine/rocksdb/tumbling_sum/tumbling/update/16384/domain=16384/bytes=264/nulls=true,35,1.0,50789513.0,Flat
engine/rocksdb/tumbling_sum/tumbling/update/16384/domain=16384/bytes=264/nulls=true,36,1.0,51240193.0,Flat
engine/rocksdb/tumbling_sum/tumbling/update/16384/domain=16384/bytes=264/nulls=true,37,1.0,51252675.0,Flat
engine/rocksdb/tumbling_sum/tumbling/update/16384/domain=16384/bytes=264/nulls=true,38,1.0,52700279.0,Flat
engine/rocksdb/tumbling_sum/tumbling/update/16384/domain=16384/bytes=264/nulls=true,39,1.0,52133743.0,Flat
engine/rocksdb/tumbling_sum/tumbling/update/16384/domain=16384/bytes=264/nulls=true,40,1.0,50018550.0,Flat
engine/rocksdb/tumbling_sum/tumbling/update/16384/domain=16384/bytes=264/nulls=true,41,1.0,52143251.0,Flat
engine/rocksdb/tumbling_sum/tumbling/update/16384/domain=16384/bytes=264/nulls=true,42,1.0,52378534.0,Flat
engine/rocksdb/tumbling_sum/tumbling/update/16384/domain=16384/bytes=264/nulls=true,43,1.0,52391014.0,Flat
engine/rocksdb/tumbling_sum/tumbling/update/16384/domain=16384/bytes=264/nulls=true,44,1.0,51375631.0,Flat
engine/rocksdb/tumbling_sum/tumbling/update/16384/domain=16384/bytes=264/nulls=true,45,1.0,50814579.0,Flat
engine/rocksdb/tumbling_sum/tumbling/update/16384/domain=16384/bytes=264/nulls=true,46,1.0,52948057.0,Flat
engine/rocksdb/tumbling_sum/tumbling/update/16384/domain=16384/bytes=264/nulls=true,47,1.0,52836874.0,Flat
engine/rocksdb/tumbling_sum/tumbling/update/16384/domain=16384/bytes=264/nulls=true,48,1.0,50973632.0,Flat
engine/rocksdb/tumbling_sum/tumbling/update/16384/domain=16384/bytes=264/nulls=true,49,1.0,50363109.0,Flat
engine/rocksdb/tumbling_sum/tumbling/update/16384/domain=16384/bytes=264/nulls=true,50,1.0,50943672.0,Flat
engine/rocksdb/tumbling_sum/tumbling/update/16384/domain=16384/bytes=264/nulls=true,51,1.0,52071056.0,Flat
engine/rocksdb/tumbling_sum/tumbling/update/16384/domain=16384/bytes=264/nulls=true,52,1.0,52135157.0,Flat
engine/rocksdb/tumbling_sum/tumbling/update/16384/domain=16384/bytes=264/nulls=true,53,1.0,50401221.0,Flat
engine/rocksdb/tumbling_sum/tumbling/update/16384/domain=16384/bytes=264/nulls=true,54,1.0,53678095.0,Flat
engine/rocksdb/tumbling_sum/tumbling/update/16384/domain=16384/bytes=264/nulls=true,55,1.0,50251211.0,Flat
engine/rocksdb/tumbling_sum/tumbling/update/16384/domain=16384/bytes=264/nulls=true,56,1.0,52109213.0,Flat
engine/rocksdb/tumbling_sum/tumbling/update/16384/domain=16384/bytes=264/nulls=true,57,1.0,49329291.0,Flat
engine/rocksdb/tumbling_sum/tumbling/update/16384/domain=16384/bytes=264/nulls=true,58,1.0,54842774.0,Flat
engine/rocksdb/tumbling_sum/tumbling/update/16384/domain=16384/bytes=264/nulls=true,59,1.0,52032392.0,Flat
engine/rocksdb/tumbling_sum/tumbling/update/16384/domain=16384/bytes=264/nulls=true,60,1.0,51660436.0,Flat
engine/rocksdb/tumbling_sum/tumbling/update/16384/domain=16384/bytes=264/nulls=true,61,1.0,49566476.0,Flat
engine/rocksdb/tumbling_sum/tumbling/update/16384/domain=16384/bytes=264/nulls=true,62,1.0,51715751.0,Flat
engine/rocksdb/tumbling_sum/tumbling/update/16384/domain=16384/bytes=264/nulls=true,63,1.0,50202028.0,Flat
engine/rocksdb/tumbling_sum/tumbling/update/16384/domain=16384/bytes=264/nulls=true,64,1.0,52462646.0,Flat
engine/rocksdb/tumbling_sum/tumbling/update/16384/domain=16384/bytes=264/nulls=true,65,1.0,50715545.0,Flat
engine/rocksdb/tumbling_sum/tumbling/update/16384/domain=16384/bytes=264/nulls=true,66,1.0,52201776.0,Flat
engine/rocksdb/tumbling_sum/tumbling/update/16384/domain=16384/bytes=264/nulls=true,67,1.0,49861979.0,Flat
engine/rocksdb/tumbling_sum/tumbling/update/16384/domain=16384/bytes=264/nulls=true,68,1.0,49939612.0,Flat
engine/rocksdb/tumbling_sum/tumbling/update/16384/domain=16384/bytes=264/nulls=true,69,1.0,50256040.0,Flat
engine/rocksdb/tumbling_sum/tumbling/update/16384/domain=16384/bytes=264/nulls=true,70,1.0,53370043.0,Flat
engine/rocksdb/tumbling_sum/tumbling/update/16384/domain=16384/bytes=264/nulls=true,71,1.0,53369810.0,Flat
engine/rocksdb/tumbling_sum/tumbling/update/16384/domain=16384/bytes=264/nulls=true,72,1.0,53101394.0,Flat
engine/rocksdb/tumbling_sum/tumbling/update/16384/domain=16384/bytes=264/nulls=true,73,1.0,54101336.0,Flat
engine/rocksdb/tumbling_sum/tumbling/update/16384/domain=16384/bytes=264/nulls=true,74,1.0,52338359.0,Flat
engine/rocksdb/tumbling_sum/tumbling/update/16384/domain=16384/bytes=264/nulls=true,75,1.0,49334173.0,Flat
engine/rocksdb/tumbling_sum/tumbling/update/16384/domain=16384/bytes=264/nulls=true,76,1.0,52087367.0,Flat
engine/rocksdb/tumbling_sum/tumbling/update/16384/domain=16384/bytes=264/nulls=true,77,1.0,54339027.0,Flat
engine/rocksdb/tumbling_sum/tumbling/update/16384/domain=16384/bytes=264/nulls=true,78,1.0,53022214.0,Flat
engine/rocksdb/tumbling_sum/tumbling/update/16384/domain=16384/bytes=264/nulls=true,79,1.0,50889861.0,Flat
engine/rocksdb/tumbling_sum/tumbling/update/16384/domain=16384/bytes=264/nulls=true,80,1.0,53508215.0,Flat
engine/rocksdb/tumbling_sum/tumbling/update/16384/domain=16384/bytes=264/nulls=true,81,1.0,51192663.0,Flat
engine/rocksdb/tumbling_sum/tumbling/update/16384/domain=16384/bytes=264/nulls=true,82,1.0,51913671.0,Flat
engine/rocksdb/tumbling_sum/tumbling/update/16384/domain=16384/bytes=264/nulls=true,83,1.0,53080674.0,Flat
engine/rocksdb/tumbling_sum/tumbling/update/16384/domain=16384/bytes=264/nulls=true,84,1.0,51750091.0,Flat
engine/rocksdb/tumbling_sum/tumbling/update/16384/domain=16384/bytes=264/nulls=true,85,1.0,53682840.0,Flat
engine/rocksdb/tumbling_sum/tumbling/update/16384/domain=16384/bytes=264/nulls=true,86,1.0,51587375.0,Flat
engine/rocksdb/tumbling_sum/tumbling/update/16384/domain=16384/bytes=264/nulls=true,87,1.0,51492516.0,Flat
engine/rocksdb/tumbling_sum/tumbling/update/16384/domain=16384/bytes=264/nulls=true,88,1.0,55486226.0,Flat
engine/rocksdb/tumbling_sum/tumbling/update/16384/domain=16384/bytes=264/nulls=true,89,1.0,52070748.0,Flat
engine/rocksdb/tumbling_sum/tumbling/update/16384/domain=16384/bytes=264/nulls=true,90,1.0,51129686.0,Flat
engine/rocksdb/tumbling_sum/tumbling/update/16384/domain=16384/bytes=264/nulls=true,91,1.0,53690327.0,Flat
engine/rocksdb/tumbling_sum/tumbling/update/16384/domain=16384/bytes=264/nulls=true,92,1.0,51908412.0,Flat
engine/rocksdb/tumbling_sum/tumbling/update/16384/domain=16384/bytes=264/nulls=true,93,1.0,51179036.0,Flat
engine/rocksdb/tumbling_sum/tumbling/update/16384/domain=16384/bytes=264/nulls=true,94,1.0,50841097.0,Flat
engine/rocksdb/tumbling_sum/tumbling/update/16384/domain=16384/bytes=264/nulls=true,95,1.0,51483980.0,Flat
engine/rocksdb/tumbling_sum/tumbling/update/16384/domain=16384/bytes=264/nulls=true,96,1.0,54024894.0,Flat
engine/rocksdb/tumbling_sum/tumbling/update/16384/domain=16384/bytes=264/nulls=true,97,1.0,55185649.0,Flat
engine/rocksdb/tumbling_sum/tumbling/update/16384/domain=16384/bytes=264/nulls=true,98,1.0,50218379.0,Flat
engine/rocksdb/tumbling_sum/tumbling/update/16384/domain=16384/bytes=264/nulls=true,99,1.0,50694003.0,Flat
engine/rocksdb/tumbling_sum/tumbling/update/16384/domain=16384/bytes=8/nulls=false,0,1.0,32152015.0,Flat
engine/rocksdb/tumbling_sum/tumbling/update/16384/domain=16384/bytes=8/nulls=false,1,1.0,30821371.0,Flat
engine/rocksdb/tumbling_sum/tumbling/update/16384/domain=16384/bytes=8/nulls=false,2,1.0,30640824.0,Flat
engine/rocksdb/tumbling_sum/tumbling/update/16384/domain=16384/bytes=8/nulls=false,3,1.0,28734918.0,Flat
engine/rocksdb/tumbling_sum/tumbling/update/16384/domain=16384/bytes=8/nulls=false,4,1.0,32948899.0,Flat
engine/rocksdb/tumbling_sum/tumbling/update/16384/domain=16384/bytes=8/nulls=false,5,1.0,29422903.0,Flat
engine/rocksdb/tumbling_sum/tumbling/update/16384/domain=16384/bytes=8/nulls=false,6,1.0,31572967.0,Flat
engine/rocksdb/tumbling_sum/tumbling/update/16384/domain=16384/bytes=8/nulls=false,7,1.0,30599858.0,Flat
engine/rocksdb/tumbling_sum/tumbling/update/16384/domain=16384/bytes=8/nulls=false,8,1.0,32504763.0,Flat
engine/rocksdb/tumbling_sum/tumbling/update/16384/domain=16384/bytes=8/nulls=false,9,1.0,30988734.0,Flat
engine/rocksdb/tumbling_sum/tumbling/update/16384/domain=16384/bytes=8/nulls=false,10,1.0,30478524.0,Flat
engine/rocksdb/tumbling_sum/tumbling/update/16384/domain=16384/bytes=8/nulls=false,11,1.0,28943708.0,Flat
engine/rocksdb/tumbling_sum/tumbling/update/16384/domain=16384/bytes=8/nulls=false,12,1.0,29556959.0,Flat
engine/rocksdb/tumbling_sum/tumbling/update/16384/domain=16384/bytes=8/nulls=false,13,1.0,32321785.0,Flat
engine/rocksdb/tumbling_sum/tumbling/update/16384/domain=16384/bytes=8/nulls=false,14,1.0,31991407.0,Flat
engine/rocksdb/tumbling_sum/tumbling/update/16384/domain=16384/bytes=8/nulls=false,15,1.0,30102693.0,Flat
engine/rocksdb/tumbling_sum/tumbling/update/16384/domain=16384/bytes=8/nulls=false,16,1.0,31204878.0,Flat
engine/rocksdb/tumbling_sum/tumbling/update/16384/domain=16384/bytes=8/nulls=false,17,1.0,29647736.0,Flat
engine/rocksdb/tumbling_sum/tumbling/update/16384/domain=16384/bytes=8/nulls=false,18,1.0,31867955.0,Flat
engine/rocksdb/tumbling_sum/tumbling/update/16384/domain=16384/bytes=8/nulls=false,19,1.0,29879737.0,Flat
engine/rocksdb/tumbling_sum/tumbling/update/16384/domain=16384/bytes=8/nulls=false,20,1.0,30590553.0,Flat
engine/rocksdb/tumbling_sum/tumbling/update/16384/domain=16384/bytes=8/nulls=false,21,1.0,30471154.0,Flat
engine/rocksdb/tumbling_sum/tumbling/update/16384/domain=16384/bytes=8/nulls=false,22,1.0,29615833.0,Flat
engine/rocksdb/tumbling_sum/tumbling/update/16384/domain=16384/bytes=8/nulls=false,23,1.0,30874128.0,Flat
engine/rocksdb/tumbling_sum/tumbling/update/16384/domain=16384/bytes=8/nulls=false,24,1.0,29949258.0,Flat
engine/rocksdb/tumbling_sum/tumbling/update/16384/domain=16384/bytes=8/nulls=false,25,1.0,29591805.0,Flat
engine/rocksdb/tumbling_sum/tumbling/update/16384/domain=16384/bytes=8/nulls=false,26,1.0,30552287.0,Flat
engine/rocksdb/tumbling_sum/tumbling/update/16384/domain=16384/bytes=8/nulls=false,27,1.0,31938308.0,Flat
engine/rocksdb/tumbling_sum/tumbling/update/16384/domain=16384/bytes=8/nulls=false,28,1.0,30226405.0,Flat
engine/rocksdb/tumbling_sum/tumbling/update/16384/domain=16384/bytes=8/nulls=false,29,1.0,31045046.0,Flat
engine/rocksdb/tumbling_sum/tumbling/update/16384/domain=16384/bytes=8/nulls=false,30,1.0,31293068.0,Flat
engine/rocksdb/tumbling_sum/tumbling/update/16384/domain=16384/bytes=8/nulls=false,31,1.0,30847902.0,Flat
engine/rocksdb/tumbling_sum/tumbling/update/16384/domain=16384/bytes=8/nulls=false,32,1.0,29712967.0,Flat
engine/rocksdb/tumbling_sum/tumbling/update/16384/domain=16384/bytes=8/nulls=false,33,1.0,30246310.0,Flat
engine/rocksdb/tumbling_sum/tumbling/update/16384/domain=16384/bytes=8/nulls=false,34,1.0,30814176.0,Flat
engine/rocksdb/tumbling_sum/tumbling/update/16384/domain=16384/bytes=8/nulls=false,35,1.0,30392074.0,Flat
engine/rocksdb/tumbling_sum/tumbling/update/16384/domain=16384/bytes=8/nulls=false,36,1.0,30441368.0,Flat
engine/rocksdb/tumbling_sum/tumbling/update/16384/domain=16384/bytes=8/nulls=false,37,1.0,29873944.0,Flat
engine/rocksdb/tumbling_sum/tumbling/update/16384/domain=16384/bytes=8/nulls=false,38,1.0,30606378.0,Flat
engine/rocksdb/tumbling_sum/tumbling/update/16384/domain=16384/bytes=8/nulls=false,39,1.0,31684624.0,Flat
engine/rocksdb/tumbling_sum/tumbling/update/16384/domain=16384/bytes=8/nulls=false,40,1.0,30657257.0,Flat
engine/rocksdb/tumbling_sum/tumbling/update/16384/domain=16384/bytes=8/nulls=false,41,1.0,31715848.0,Flat
engine/rocksdb/tumbling_sum/tumbling/update/16384/domain=16384/bytes=8/nulls=false,42,1.0,29913433.0,Flat
engine/rocksdb/tumbling_sum/tumbling/update/16384/domain=16384/bytes=8/nulls=false,43,1.0,32975879.0,Flat
engine/rocksdb/tumbling_sum/tumbling/update/16384/domain=16384/bytes=8/nulls=false,44,1.0,29500776.0,Flat
engine/rocksdb/tumbling_sum/tumbling/update/16384/domain=16384/bytes=8/nulls=false,45,1.0,31419942.0,Flat
engine/rocksdb/tumbling_sum/tumbling/update/16384/domain=16384/bytes=8/nulls=false,46,1.0,29697992.0,Flat
engine/rocksdb/tumbling_sum/tumbling/update/16384/domain=16384/bytes=8/nulls=false,47,1.0,30525431.0,Flat
engine/rocksdb/tumbling_sum/tumbling/update/16384/domain=16384/bytes=8/nulls=false,48,1.0,30309965.0,Flat
engine/rocksdb/tumbling_sum/tumbling/update/16384/domain=16384/bytes=8/nulls=false,49,1.0,31990974.0,Flat
engine/rocksdb/tumbling_sum/tumbling/update/16384/domain=16384/bytes=8/nulls=false,50,1.0,29925523.0,Flat
engine/rocksdb/tumbling_sum/tumbling/update/16384/domain=16384/bytes=8/nulls=false,51,1.0,30124931.0,Flat
engine/rocksdb/tumbling_sum/tumbling/update/16384/domain=16384/bytes=8/nulls=false,52,1.0,30472047.0,Flat
engine/rocksdb/tumbling_sum/tumbling/update/16384/domain=16384/bytes=8/nulls=false,53,1.0,32382658.0,Flat
engine/rocksdb/tumbling_sum/tumbling/update/16384/domain=16384/bytes=8/nulls=false,54,1.0,29178154.0,Flat
engine/rocksdb/tumbling_sum/tumbling/update/16384/domain=16384/bytes=8/nulls=false,55,1.0,32429093.0,Flat
engine/rocksdb/tumbling_sum/tumbling/update/16384/domain=16384/bytes=8/nulls=false,56,1.0,30423185.0,Flat
engine/rocksdb/tumbling_sum/tumbling/update/16384/domain=16384/bytes=8/nulls=false,57,1.0,32034773.0,Flat
engine/rocksdb/tumbling_sum/tumbling/update/16384/domain=16384/bytes=8/nulls=false,58,1.0,30656158.0,Flat
engine/rocksdb/tumbling_sum/tumbling/update/16384/domain=16384/bytes=8/nulls=false,59,1.0,30497733.0,Flat
engine/rocksdb/tumbling_sum/tumbling/update/16384/domain=16384/bytes=8/nulls=false,60,1.0,29145617.0,Flat
engine/rocksdb/tumbling_sum/tumbling/update/16384/domain=16384/bytes=8/nulls=false,61,1.0,31163626.0,Flat
engine/rocksdb/tumbling_sum/tumbling/update/16384/domain=16384/bytes=8/nulls=false,62,1.0,29888737.0,Flat
engine/rocksdb/tumbling_sum/tumbling/update/16384/domain=16384/bytes=8/nulls=false,63,1.0,30541065.0,Flat
engine/rocksdb/tumbling_sum/tumbling/update/16384/domain=16384/bytes=8/nulls=false,64,1.0,30580705.0,Flat
engine/rocksdb/tumbling_sum/tumbling/update/16384/domain=16384/bytes=8/nulls=false,65,1.0,30717400.0,Flat
engine/rocksdb/tumbling_sum/tumbling/update/16384/domain=16384/bytes=8/nulls=false,66,1.0,29519687.0,Flat
engine/rocksdb/tumbling_sum/tumbling/update/16384/domain=16384/bytes=8/nulls=false,67,1.0,32861641.0,Flat
engine/rocksdb/tumbling_sum/tumbling/update/16384/domain=16384/bytes=8/nulls=false,68,1.0,29753269.0,Flat
engine/rocksdb/tumbling_sum/tumbling/update/16384/domain=16384/bytes=8/nulls=false,69,1.0,29417259.0,Flat
engine/rocksdb/tumbling_sum/tumbling/update/16384/domain=16384/bytes=8/nulls=false,70,1.0,31260303.0,Flat
engine/rocksdb/tumbling_sum/tumbling/update/16384/domain=16384/bytes=8/nulls=false,71,1.0,29793094.0,Flat
engine/rocksdb/tumbling_sum/tumbling/update/16384/domain=16384/bytes=8/nulls=false,72,1.0,30401833.0,Flat
engine/rocksdb/tumbling_sum/tumbling/update/16384/domain=16384/bytes=8/nulls=false,73,1.0,32389537.0,Flat
engine/rocksdb/tumbling_sum/tumbling/update/16384/domain=16384/bytes=8/nulls=false,74,1.0,30027819.0,Flat
engine/rocksdb/tumbling_sum/tumbling/update/16384/domain=16384/bytes=8/nulls=false,75,1.0,28858661.0,Flat
engine/rocksdb/tumbling_sum/tumbling/update/16384/domain=16384/bytes=8/nulls=false,76,1.0,29826767.0,Flat
engine/rocksdb/tumbling_sum/tumbling/update/16384/domain=16384/bytes=8/nulls=false,77,1.0,30789333.0,Flat
engine/rocksdb/tumbling_sum/tumbling/update/16384/domain=16384/bytes=8/nulls=false,78,1.0,30760632.0,Flat
engine/rocksdb/tumbling_sum/tumbling/update/16384/domain=16384/bytes=8/nulls=false,79,1.0,33499964.0,Flat
engine/rocksdb/tumbling_sum/tumbling/update/16384/domain=16384/bytes=8/nulls=false,80,1.0,32705978.0,Flat
engine/rocksdb/tumbling_sum/tumbling/update/16384/domain=16384/bytes=8/nulls=false,81,1.0,33236125.0,Flat
engine/rocksdb/tumbling_sum/tumbling/update/16384/domain=16384/bytes=8/nulls=false,82,1.0,30768896.0,Flat
engine/rocksdb/tumbling_sum/tumbling/update/16384/domain=16384/bytes=8/nulls=false,83,1.0,29611868.0,Flat
engine/rocksdb/tumbling_sum/tumbling/update/16384/domain=16384/bytes=8/nulls=false,84,1.0,32707635.0,Flat
engine/rocksdb/tumbling_sum/tumbling/update/16384/domain=16384/bytes=8/nulls=false,85,1.0,29724002.0,Flat
engine/rocksdb/tumbling_sum/tumbling/update/16384/domain=16384/bytes=8/nulls=false,86,1.0,30683950.0,Flat
engine/rocksdb/tumbling_sum/tumbling/update/16384/domain=16384/bytes=8/nulls=false,87,1.0,32714465.0,Flat
engine/rocksdb/tumbling_sum/tumbling/update/16384/domain=16384/bytes=8/nulls=false,88,1.0,31265670.0,Flat
engine/rocksdb/tumbling_sum/tumbling/update/16384/domain=16384/bytes=8/nulls=false,89,1.0,30628020.0,Flat
engine/rocksdb/tumbling_sum/tumbling/update/16384/domain=16384/bytes=8/nulls=false,90,1.0,29554737.0,Flat
engine/rocksdb/tumbling_sum/tumbling/update/16384/domain=16384/bytes=8/nulls=false,91,1.0,29863948.0,Flat
engine/rocksdb/tumbling_sum/tumbling/update/16384/domain=16384/bytes=8/nulls=false,92,1.0,30294668.0,Flat
engine/rocksdb/tumbling_sum/tumbling/update/16384/domain=16384/bytes=8/nulls=false,93,1.0,31336450.0,Flat
engine/rocksdb/tumbling_sum/tumbling/update/16384/domain=16384/bytes=8/nulls=false,94,1.0,30471485.0,Flat
engine/rocksdb/tumbling_sum/tumbling/update/16384/domain=16384/bytes=8/nulls=false,95,1.0,31885932.0,Flat
engine/rocksdb/tumbling_sum/tumbling/update/16384/domain=16384/bytes=8/nulls=false,96,1.0,30368324.0,Flat
engine/rocksdb/tumbling_sum/tumbling/update/16384/domain=16384/bytes=8/nulls=false,97,1.0,29793475.0,Flat
engine/rocksdb/tumbling_sum/tumbling/update/16384/domain=16384/bytes=8/nulls=false,98,1.0,30657460.0,Flat
engine/rocksdb/tumbling_sum/tumbling/update/16384/domain=16384/bytes=8/nulls=false,99,1.0,30258803.0,Flat
engine/rocksdb/tumbling_sum/tumbling/update/16384/domain=16384/bytes=8/nulls=true,0,1.0,29832199.0,Flat
engine/rocksdb/tumbling_sum/tumbling/update/16384/domain=16384/bytes=8/nulls=true,1,1.0,28758089.0,Flat
engine/rocksdb/tumbling_sum/tumbling/update/16384/domain=16384/bytes=8/nulls=true,2,1.0,31311071.0,Flat
engine/rocksdb/tumbling_sum/tumbling/update/16384/domain=16384/bytes=8/nulls=true,3,1.0,29028095.0,Flat
engine/rocksdb/tumbling_sum/tumbling/update/16384/domain=16384/bytes=8/nulls=true,4,1.0,30618179.0,Flat
engine/rocksdb/tumbling_sum/tumbling/update/16384/domain=16384/bytes=8/nulls=true,5,1.0,29817180.0,Flat
engine/rocksdb/tumbling_sum/tumbling/update/16384/domain=16384/bytes=8/nulls=true,6,1.0,31586884.0,Flat
engine/rocksdb/tumbling_sum/tumbling/update/16384/domain=16384/bytes=8/nulls=true,7,1.0,28826017.0,Flat
engine/rocksdb/tumbling_sum/tumbling/update/16384/domain=16384/bytes=8/nulls=true,8,1.0,29408686.0,Flat
engine/rocksdb/tumbling_sum/tumbling/update/16384/domain=16384/bytes=8/nulls=true,9,1.0,32663029.0,Flat
engine/rocksdb/tumbling_sum/tumbling/update/16384/domain=16384/bytes=8/nulls=true,10,1.0,28750197.0,Flat
engine/rocksdb/tumbling_sum/tumbling/update/16384/domain=16384/bytes=8/nulls=true,11,1.0,28191433.0,Flat
engine/rocksdb/tumbling_sum/tumbling/update/16384/domain=16384/bytes=8/nulls=true,12,1.0,32357580.0,Flat
engine/rocksdb/tumbling_sum/tumbling/update/16384/domain=16384/bytes=8/nulls=true,13,1.0,29272056.0,Flat
engine/rocksdb/tumbling_sum/tumbling/update/16384/domain=16384/bytes=8/nulls=true,14,1.0,29056048.0,Flat
engine/rocksdb/tumbling_sum/tumbling/update/16384/domain=16384/bytes=8/nulls=true,15,1.0,29149592.0,Flat
engine/rocksdb/tumbling_sum/tumbling/update/16384/domain=16384/bytes=8/nulls=true,16,1.0,28812223.0,Flat
engine/rocksdb/tumbling_sum/tumbling/update/16384/domain=16384/bytes=8/nulls=true,17,1.0,27722172.0,Flat
engine/rocksdb/tumbling_sum/tumbling/update/16384/domain=16384/bytes=8/nulls=true,18,1.0,29152659.0,Flat
engine/rocksdb/tumbling_sum/tumbling/update/16384/domain=16384/bytes=8/nulls=true,19,1.0,30941233.0,Flat
engine/rocksdb/tumbling_sum/tumbling/update/16384/domain=16384/bytes=8/nulls=true,20,1.0,29501006.0,Flat
engine/rocksdb/tumbling_sum/tumbling/update/16384/domain=16384/bytes=8/nulls=true,21,1.0,28982029.0,Flat
engine/rocksdb/tumbling_sum/tumbling/update/16384/domain=16384/bytes=8/nulls=true,22,1.0,29967400.0,Flat
engine/rocksdb/tumbling_sum/tumbling/update/16384/domain=16384/bytes=8/nulls=true,23,1.0,29491160.0,Flat
engine/rocksdb/tumbling_sum/tumbling/update/16384/domain=16384/bytes=8/nulls=true,24,1.0,28889543.0,Flat
engine/rocksdb/tumbling_sum/tumbling/update/16384/domain=16384/bytes=8/nulls=true,25,1.0,29132293.0,Flat
engine/rocksdb/tumbling_sum/tumbling/update/16384/domain=16384/bytes=8/nulls=true,26,1.0,29874975.0,Flat
engine/rocksdb/tumbling_sum/tumbling/update/16384/domain=16384/bytes=8/nulls=true,27,1.0,29861086.0,Flat
engine/rocksdb/tumbling_sum/tumbling/update/16384/domain=16384/bytes=8/nulls=true,28,1.0,31026934.0,Flat
engine/rocksdb/tumbling_sum/tumbling/update/16384/domain=16384/bytes=8/nulls=true,29,1.0,29873552.0,Flat
engine/rocksdb/tumbling_sum/tumbling/update/16384/domain=16384/bytes=8/nulls=true,30,1.0,29295123.0,Flat
engine/rocksdb/tumbling_sum/tumbling/update/16384/domain=16384/bytes=8/nulls=true,31,1.0,29110086.0,Flat
engine/rocksdb/tumbling_sum/tumbling/update/16384/domain=16384/bytes=8/nulls=true,32,1.0,28393424.0,Flat
engine/rocksdb/tumbling_sum/tumbling/update/16384/domain=16384/bytes=8/nulls=true,33,1.0,29241438.0,Flat
engine/rocksdb/tumbling_sum/tumbling/update/16384/domain=16384/bytes=8/nulls=true,34,1.0,29001020.0,Flat
engine/rocksdb/tumbling_sum/tumbling/update/16384/domain=16384/bytes=8/nulls=true,35,1.0,28441841.0,Flat
engine/rocksdb/tumbling_sum/tumbling/update/16384/domain=16384/bytes=8/nulls=true,36,1.0,29627833.0,Flat
engine/rocksdb/tumbling_sum/tumbling/update/16384/domain=16384/bytes=8/nulls=true,37,1.0,30099169.0,Flat
engine/rocksdb/tumbling_sum/tumbling/update/16384/domain=16384/bytes=8/nulls=true,38,1.0,28411595.0,Flat
engine/rocksdb/tumbling_sum/tumbling/update/16384/domain=16384/bytes=8/nulls=true,39,1.0,28652758.0,Flat
engine/rocksdb/tumbling_sum/tumbling/update/16384/domain=16384/bytes=8/nulls=true,40,1.0,30078562.0,Flat
engine/rocksdb/tumbling_sum/tumbling/update/16384/domain=16384/bytes=8/nulls=true,41,1.0,29288915.0,Flat
engine/rocksdb/tumbling_sum/tumbling/update/16384/domain=16384/bytes=8/nulls=true,42,1.0,28831890.0,Flat
engine/rocksdb/tumbling_sum/tumbling/update/16384/domain=16384/bytes=8/nulls=true,43,1.0,27844590.0,Flat
engine/rocksdb/tumbling_sum/tumbling/update/16384/domain=16384/bytes=8/nulls=true,44,1.0,29920571.0,Flat
engine/rocksdb/tumbling_sum/tumbling/update/16384/domain=16384/bytes=8/nulls=true,45,1.0,29208644.0,Flat
engine/rocksdb/tumbling_sum/tumbling/update/16384/domain=16384/bytes=8/nulls=true,46,1.0,27473329.0,Flat
engine/rocksdb/tumbling_sum/tumbling/update/16384/domain=16384/bytes=8/nulls=true,47,1.0,28355771.0,Flat
engine/rocksdb/tumbling_sum/tumbling/update/16384/domain=16384/bytes=8/nulls=true,48,1.0,28516825.0,Flat
engine/rocksdb/tumbling_sum/tumbling/update/16384/domain=16384/bytes=8/nulls=true,49,1.0,29477039.0,Flat
engine/rocksdb/tumbling_sum/tumbling/update/16384/domain=16384/bytes=8/nulls=true,50,1.0,28830353.0,Flat
engine/rocksdb/tumbling_sum/tumbling/update/16384/domain=16384/bytes=8/nulls=true,51,1.0,27897554.0,Flat
engine/rocksdb/tumbling_sum/tumbling/update/16384/domain=16384/bytes=8/nulls=true,52,1.0,27929195.0,Flat
engine/rocksdb/tumbling_sum/tumbling/update/16384/domain=16384/bytes=8/nulls=true,53,1.0,29988929.0,Flat
engine/rocksdb/tumbling_sum/tumbling/update/16384/domain=16384/bytes=8/nulls=true,54,1.0,28617222.0,Flat
engine/rocksdb/tumbling_sum/tumbling/update/16384/domain=16384/bytes=8/nulls=true,55,1.0,27978858.0,Flat
engine/rocksdb/tumbling_sum/tumbling/update/16384/domain=16384/bytes=8/nulls=true,56,1.0,29750813.0,Flat
engine/rocksdb/tumbling_sum/tumbling/update/16384/domain=16384/bytes=8/nulls=true,57,1.0,29029303.0,Flat
engine/rocksdb/tumbling_sum/tumbling/update/16384/domain=16384/bytes=8/nulls=true,58,1.0,29195681.0,Flat
engine/rocksdb/tumbling_sum/tumbling/update/16384/domain=16384/bytes=8/nulls=true,59,1.0,28027728.0,Flat
engine/rocksdb/tumbling_sum/tumbling/update/16384/domain=16384/bytes=8/nulls=true,60,1.0,29742495.0,Flat
engine/rocksdb/tumbling_sum/tumbling/update/16384/domain=16384/bytes=8/nulls=true,61,1.0,29980284.0,Flat
engine/rocksdb/tumbling_sum/tumbling/update/16384/domain=16384/bytes=8/nulls=true,62,1.0,28351716.0,Flat
engine/rocksdb/tumbling_sum/tumbling/update/16384/domain=16384/bytes=8/nulls=true,63,1.0,32344592.0,Flat
engine/rocksdb/tumbling_sum/tumbling/update/16384/domain=16384/bytes=8/nulls=true,64,1.0,30830377.0,Flat
engine/rocksdb/tumbling_sum/tumbling/update/16384/domain=16384/bytes=8/nulls=true,65,1.0,29823642.0,Flat
engine/rocksdb/tumbling_sum/tumbling/update/16384/domain=16384/bytes=8/nulls=true,66,1.0,28661870.0,Flat
engine/rocksdb/tumbling_sum/tumbling/update/16384/domain=16384/bytes=8/nulls=true,67,1.0,29550970.0,Flat
engine/rocksdb/tumbling_sum/tumbling/update/16384/domain=16384/bytes=8/nulls=true,68,1.0,28940840.0,Flat
engine/rocksdb/tumbling_sum/tumbling/update/16384/domain=16384/bytes=8/nulls=true,69,1.0,28499133.0,Flat
engine/rocksdb/tumbling_sum/tumbling/update/16384/domain=16384/bytes=8/nulls=true,70,1.0,28363374.0,Flat
engine/rocksdb/tumbling_sum/tumbling/update/16384/domain=16384/bytes=8/nulls=true,71,1.0,28007551.0,Flat
engine/rocksdb/tumbling_sum/tumbling/update/16384/domain=16384/bytes=8/nulls=true,72,1.0,29232397.0,Flat
engine/rocksdb/tumbling_sum/tumbling/update/16384/domain=16384/bytes=8/nulls=true,73,1.0,28449839.0,Flat
engine/rocksdb/tumbling_sum/tumbling/update/16384/domain=16384/bytes=8/nulls=true,74,1.0,28470522.0,Flat
engine/rocksdb/tumbling_sum/tumbling/update/16384/domain=16384/bytes=8/nulls=true,75,1.0,29256706.0,Flat
engine/rocksdb/tumbling_sum/tumbling/update/16384/domain=16384/bytes=8/nulls=true,76,1.0,29601038.0,Flat
engine/rocksdb/tumbling_sum/tumbling/update/16384/domain=16384/bytes=8/nulls=true,77,1.0,31096826.0,Flat
engine/rocksdb/tumbling_sum/tumbling/update/16384/domain=16384/bytes=8/nulls=true,78,1.0,29045914.0,Flat
engine/rocksdb/tumbling_sum/tumbling/update/16384/domain=16384/bytes=8/nulls=true,79,1.0,29719666.0,Flat
engine/rocksdb/tumbling_sum/tumbling/update/16384/domain=16384/bytes=8/nulls=true,80,1.0,28004717.0,Flat
engine/rocksdb/tumbling_sum/tumbling/update/16384/domain=16384/bytes=8/nulls=true,81,1.0,28878730.0,Flat
engine/rocksdb/tumbling_sum/tumbling/update/16384/domain=16384/bytes=8/nulls=true,82,1.0,29351699.0,Flat
engine/rocksdb/tumbling_sum/tumbling/update/16384/domain=16384/bytes=8/nulls=true,83,1.0,34737933.0,Flat
engine/rocksdb/tumbling_sum/tumbling/update/16384/domain=16384/bytes=8/nulls=true,84,1.0,31259491.0,Flat
engine/rocksdb/tumbling_sum/tumbling/update/16384/domain=16384/bytes=8/nulls=true,85,1.0,28995066.0,Flat
engine/rocksdb/tumbling_sum/tumbling/update/16384/domain=16384/bytes=8/nulls=true,86,1.0,30211679.0,Flat
engine/rocksdb/tumbling_sum/tumbling/update/16384/domain=16384/bytes=8/nulls=true,87,1.0,29009160.0,Flat
engine/rocksdb/tumbling_sum/tumbling/update/16384/domain=16384/bytes=8/nulls=true,88,1.0,28639243.0,Flat
engine/rocksdb/tumbling_sum/tumbling/update/16384/domain=16384/bytes=8/nulls=true,89,1.0,28511502.0,Flat
engine/rocksdb/tumbling_sum/tumbling/update/16384/domain=16384/bytes=8/nulls=true,90,1.0,31417442.0,Flat
engine/rocksdb/tumbling_sum/tumbling/update/16384/domain=16384/bytes=8/nulls=true,91,1.0,29711552.0,Flat
engine/rocksdb/tumbling_sum/tumbling/update/16384/domain=16384/bytes=8/nulls=true,92,1.0,31592883.0,Flat
engine/rocksdb/tumbling_sum/tumbling/update/16384/domain=16384/bytes=8/nulls=true,93,1.0,29673835.0,Flat
engine/rocksdb/tumbling_sum/tumbling/update/16384/domain=16384/bytes=8/nulls=true,94,1.0,28753544.0,Flat
engine/rocksdb/tumbling_sum/tumbling/update/16384/domain=16384/bytes=8/nulls=true,95,1.0,27897836.0,Flat
engine/rocksdb/tumbling_sum/tumbling/update/16384/domain=16384/bytes=8/nulls=true,96,1.0,29168106.0,Flat
engine/rocksdb/tumbling_sum/tumbling/update/16384/domain=16384/bytes=8/nulls=true,97,1.0,31078137.0,Flat
engine/rocksdb/tumbling_sum/tumbling/update/16384/domain=16384/bytes=8/nulls=true,98,1.0,29704175.0,Flat
engine/rocksdb/tumbling_sum/tumbling/update/16384/domain=16384/bytes=8/nulls=true,99,1.0,29443947.0,Flat
engine/rocksdb/tumbling_sum/tumbling/update/16384/domain=8/bytes=264/nulls=false,0,3.0,4046795.0,Flat
engine/rocksdb/tumbling_sum/tumbling/update/16384/domain=8/bytes=264/nulls=false,1,3.0,3886974.0,Flat
engine/rocksdb/tumbling_sum/tumbling/update/16384/domain=8/bytes=264/nulls=false,2,3.0,3883298.0,Flat
engine/rocksdb/tumbling_sum/tumbling/update/16384/domain=8/bytes=264/nulls=false,3,3.0,3946809.0,Flat
engine/rocksdb/tumbling_sum/tumbling/update/16384/domain=8/bytes=264/nulls=false,4,3.0,3801252.0,Flat
engine/rocksdb/tumbling_sum/tumbling/update/16384/domain=8/bytes=264/nulls=false,5,3.0,3991869.0,Flat
engine/rocksdb/tumbling_sum/tumbling/update/16384/domain=8/bytes=264/nulls=false,6,3.0,3643017.0,Flat
engine/rocksdb/tumbling_sum/tumbling/update/16384/domain=8/bytes=264/nulls=false,7,3.0,3796329.0,Flat
engine/rocksdb/tumbling_sum/tumbling/update/16384/domain=8/bytes=264/nulls=false,8,3.0,3735931.0,Flat
engine/rocksdb/tumbling_sum/tumbling/update/16384/domain=8/bytes=264/nulls=false,9,3.0,3665583.0,Flat
engine/rocksdb/tumbling_sum/tumbling/update/16384/domain=8/bytes=264/nulls=false,10,3.0,3815470.0,Flat
engine/rocksdb/tumbling_sum/tumbling/update/16384/domain=8/bytes=264/nulls=false,11,3.0,3736782.0,Flat
engine/rocksdb/tumbling_sum/tumbling/update/16384/domain=8/bytes=264/nulls=false,12,3.0,3918247.0,Flat
engine/rocksdb/tumbling_sum/tumbling/update/16384/domain=8/bytes=264/nulls=false,13,3.0,3649281.0,Flat
engine/rocksdb/tumbling_sum/tumbling/update/16384/domain=8/bytes=264/nulls=false,14,3.0,3823101.0,Flat
engine/rocksdb/tumbling_sum/tumbling/update/16384/domain=8/bytes=264/nulls=false,15,3.0,3726295.0,Flat
engine/rocksdb/tumbling_sum/tumbling/update/16384/domain=8/bytes=264/nulls=false,16,3.0,4095765.0,Flat
engine/rocksdb/tumbling_sum/tumbling/update/16384/domain=8/bytes=264/nulls=false,17,3.0,3880644.0,Flat
engine/rocksdb/tumbling_sum/tumbling/update/16384/domain=8/bytes=264/nulls=false,18,3.0,3637890.0,Flat
engine/rocksdb/tumbling_sum/tumbling/update/16384/domain=8/bytes=264/nulls=false,19,3.0,3815943.0,Flat
engine/rocksdb/tumbling_sum/tumbling/update/16384/domain=8/bytes=264/nulls=false,20,3.0,3813904.0,Flat
engine/rocksdb/tumbling_sum/tumbling/update/16384/domain=8/bytes=264/nulls=false,21,3.0,3999816.0,Flat
engine/rocksdb/tumbling_sum/tumbling/update/16384/domain=8/bytes=264/nulls=false,22,3.0,3748597.0,Flat
engine/rocksdb/tumbling_sum/tumbling/update/16384/domain=8/bytes=264/nulls=false,23,3.0,3961145.0,Flat
engine/rocksdb/tumbling_sum/tumbling/update/16384/domain=8/bytes=264/nulls=false,24,3.0,3853570.0,Flat
engine/rocksdb/tumbling_sum/tumbling/update/16384/domain=8/bytes=264/nulls=false,25,3.0,3984979.0,Flat
engine/rocksdb/tumbling_sum/tumbling/update/16384/domain=8/bytes=264/nulls=false,26,3.0,4223116.0,Flat
engine/rocksdb/tumbling_sum/tumbling/update/16384/domain=8/bytes=264/nulls=false,27,3.0,4289175.0,Flat
engine/rocksdb/tumbling_sum/tumbling/update/16384/domain=8/bytes=264/nulls=false,28,3.0,4400558.0,Flat
engine/rocksdb/tumbling_sum/tumbling/update/16384/domain=8/bytes=264/nulls=false,29,3.0,4113506.0,Flat
engine/rocksdb/tumbling_sum/tumbling/update/16384/domain=8/bytes=264/nulls=false,30,3.0,3968396.0,Flat
engine/rocksdb/tumbling_sum/tumbling/update/16384/domain=8/bytes=264/nulls=false,31,3.0,4293999.0,Flat
engine/rocksdb/tumbling_sum/tumbling/update/16384/domain=8/bytes=264/nulls=false,32,3.0,4143260.0,Flat
engine/rocksdb/tumbling_sum/tumbling/update/16384/domain=8/bytes=264/nulls=false,33,3.0,4097000.0,Flat
engine/rocksdb/tumbling_sum/tumbling/update/16384/domain=8/bytes=264/nulls=false,34,3.0,4313909.0,Flat
engine/rocksdb/tumbling_sum/tumbling/update/16384/domain=8/bytes=264/nulls=false,35,3.0,4086831.0,Flat
engine/rocksdb/tumbling_sum/tumbling/update/16384/domain=8/bytes=264/nulls=false,36,3.0,3938845.0,Flat
engine/rocksdb/tumbling_sum/tumbling/update/16384/domain=8/bytes=264/nulls=false,37,3.0,4359177.0,Flat
engine/rocksdb/tumbling_sum/tumbling/update/16384/domain=8/bytes=264/nulls=false,38,3.0,4301675.0,Flat
engine/rocksdb/tumbling_sum/tumbling/update/16384/domain=8/bytes=264/nulls=false,39,3.0,4231422.0,Flat
engine/rocksdb/tumbling_sum/tumbling/update/16384/domain=8/bytes=264/nulls=false,40,3.0,3958272.0,Flat
engine/rocksdb/tumbling_sum/tumbling/update/16384/domain=8/bytes=264/nulls=false,41,3.0,3968015.0,Flat
engine/rocksdb/tumbling_sum/tumbling/update/16384/domain=8/bytes=264/nulls=false,42,3.0,4053504.0,Flat
engine/rocksdb/tumbling_sum/tumbling/update/16384/domain=8/bytes=264/nulls=false,43,3.0,4044367.0,Flat
engine/rocksdb/tumbling_sum/tumbling/update/16384/domain=8/bytes=264/nulls=false,44,3.0,4139532.0,Flat
engine/rocksdb/tumbling_sum/tumbling/update/16384/domain=8/bytes=264/nulls=false,45,3.0,4043059.0,Flat
engine/rocksdb/tumbling_sum/tumbling/update/16384/domain=8/bytes=264/nulls=false,46,3.0,4227978.0,Flat
engine/rocksdb/tumbling_sum/tumbling/update/16384/domain=8/bytes=264/nulls=false,47,3.0,3957904.0,Flat
engine/rocksdb/tumbling_sum/tumbling/update/16384/domain=8/bytes=264/nulls=false,48,3.0,3991598.0,Flat
engine/rocksdb/tumbling_sum/tumbling/update/16384/domain=8/bytes=264/nulls=false,49,3.0,3819073.0,Flat
engine/rocksdb/tumbling_sum/tumbling/update/16384/domain=8/bytes=264/nulls=false,50,3.0,4104400.0,Flat
engine/rocksdb/tumbling_sum/tumbling/update/16384/domain=8/bytes=264/nulls=false,51,3.0,3608579.0,Flat
engine/rocksdb/tumbling_sum/tumbling/update/16384/domain=8/bytes=264/nulls=false,52,3.0,4075400.0,Flat
engine/rocksdb/tumbling_sum/tumbling/update/16384/domain=8/bytes=264/nulls=false,53,3.0,3946127.0,Flat
engine/rocksdb/tumbling_sum/tumbling/update/16384/domain=8/bytes=264/nulls=false,54,3.0,4107829.0,Flat
engine/rocksdb/tumbling_sum/tumbling/update/16384/domain=8/bytes=264/nulls=false,55,3.0,4147480.0,Flat
engine/rocksdb/tumbling_sum/tumbling/update/16384/domain=8/bytes=264/nulls=false,56,3.0,4005487.0,Flat
engine/rocksdb/tumbling_sum/tumbling/update/16384/domain=8/bytes=264/nulls=false,57,3.0,3791683.0,Flat
engine/rocksdb/tumbling_sum/tumbling/update/16384/domain=8/bytes=264/nulls=false,58,3.0,4206915.0,Flat
engine/rocksdb/tumbling_sum/tumbling/update/16384/domain=8/bytes=264/nulls=false,59,3.0,3795489.0,Flat
engine/rocksdb/tumbling_sum/tumbling/update/16384/domain=8/bytes=264/nulls=false,60,3.0,4576968.0,Flat
engine/rocksdb/tumbling_sum/tumbling/update/16384/domain=8/bytes=264/nulls=false,61,3.0,4214572.0,Flat
engine/rocksdb/tumbling_sum/tumbling/update/16384/domain=8/bytes=264/nulls=false,62,3.0,4395393.0,Flat
engine/rocksdb/tumbling_sum/tumbling/update/16384/domain=8/bytes=264/nulls=false,63,3.0,4253901.0,Flat
engine/rocksdb/tumbling_sum/tumbling/update/16384/domain=8/bytes=264/nulls=false,64,3.0,4129316.0,Flat
engine/rocksdb/tumbling_sum/tumbling/update/16384/domain=8/bytes=264/nulls=false,65,3.0,4122099.0,Flat
engine/rocksdb/tumbling_sum/tumbling/update/16384/domain=8/bytes=264/nulls=false,66,3.0,3846770.0,Flat
engine/rocksdb/tumbling_sum/tumbling/update/16384/domain=8/bytes=264/nulls=false,67,3.0,4203414.0,Flat
engine/rocksdb/tumbling_sum/tumbling/update/16384/domain=8/bytes=264/nulls=false,68,3.0,3718663.0,Flat
engine/rocksdb/tumbling_sum/tumbling/update/16384/domain=8/bytes=264/nulls=false,69,3.0,4423800.0,Flat
engine/rocksdb/tumbling_sum/tumbling/update/16384/domain=8/bytes=264/nulls=false,70,3.0,4058531.0,Flat
engine/rocksdb/tumbling_sum/tumbling/update/16384/domain=8/bytes=264/nulls=false,71,3.0,3892508.0,Flat
engine/rocksdb/tumbling_sum/tumbling/update/16384/domain=8/bytes=264/nulls=false,72,3.0,4305422.0,Flat
engine/rocksdb/tumbling_sum/tumbling/update/16384/domain=8/bytes=264/nulls=false,73,3.0,4107479.0,Flat
engine/rocksdb/tumbling_sum/tumbling/update/16384/domain=8/bytes=264/nulls=false,74,3.0,4247657.0,Flat
engine/rocksdb/tumbling_sum/tumbling/update/16384/domain=8/bytes=264/nulls=false,75,3.0,3930839.0,Flat
engine/rocksdb/tumbling_sum/tumbling/update/16384/domain=8/bytes=264/nulls=false,76,3.0,4054376.0,Flat
engine/rocksdb/tumbling_sum/tumbling/update/16384/domain=8/bytes=264/nulls=false,77,3.0,3585989.0,Flat
engine/rocksdb/tumbling_sum/tumbling/update/16384/domain=8/bytes=264/nulls=false,78,3.0,3996194.0,Flat
engine/rocksdb/tumbling_sum/tumbling/update/16384/domain=8/bytes=264/nulls=false,79,3.0,3737570.0,Flat
engine/rocksdb/tumbling_sum/tumbling/update/16384/domain=8/bytes=264/nulls=false,80,3.0,3898575.0,Flat
engine/rocksdb/tumbling_sum/tumbling/update/16384/domain=8/bytes=264/nulls=false,81,3.0,3682268.0,Flat
engine/rocksdb/tumbling_sum/tumbling/update/16384/domain=8/bytes=264/nulls=false,82,3.0,3912610.0,Flat
engine/rocksdb/tumbling_sum/tumbling/update/16384/domain=8/bytes=264/nulls=false,83,3.0,3889201.0,Flat
engine/rocksdb/tumbling_sum/tumbling/update/16384/domain=8/bytes=264/nulls=false,84,3.0,3730676.0,Flat
engine/rocksdb/tumbling_sum/tumbling/update/16384/domain=8/bytes=264/nulls=false,85,3.0,3823680.0,Flat
engine/rocksdb/tumbling_sum/tumbling/update/16384/domain=8/bytes=264/nulls=false,86,3.0,3705774.0,Flat
engine/rocksdb/tumbling_sum/tumbling/update/16384/domain=8/bytes=264/nulls=false,87,3.0,3850428.0,Flat
engine/rocksdb/tumbling_sum/tumbling/update/16384/domain=8/bytes=264/nulls=false,88,3.0,3644421.0,Flat
engine/rocksdb/tumbling_sum/tumbling/update/16384/domain=8/bytes=264/nulls=false,89,3.0,3731673.0,Flat
engine/rocksdb/tumbling_sum/tumbling/update/16384/domain=8/bytes=264/nulls=false,90,3.0,3699479.0,Flat
engine/rocksdb/tumbling_sum/tumbling/update/16384/domain=8/bytes=264/nulls=false,91,3.0,4138512.0,Flat
engine/rocksdb/tumbling_sum/tumbling/update/16384/domain=8/bytes=264/nulls=false,92,3.0,4046635.0,Flat
engine/rocksdb/tumbling_sum/tumbling/update/16384/domain=8/bytes=264/nulls=false,93,3.0,4199120.0,Flat
engine/rocksdb/tumbling_sum/tumbling/update/16384/domain=8/bytes=264/nulls=false,94,3.0,3718873.0,Flat
engine/rocksdb/tumbling_sum/tumbling/update/16384/domain=8/bytes=264/nulls=false,95,3.0,3799702.0,Flat
engine/rocksdb/tumbling_sum/tumbling/update/16384/domain=8/bytes=264/nulls=false,96,3.0,4314534.0,Flat
engine/rocksdb/tumbling_sum/tumbling/update/16384/domain=8/bytes=264/nulls=false,97,3.0,4075328.0,Flat
engine/rocksdb/tumbling_sum/tumbling/update/16384/domain=8/bytes=264/nulls=false,98,3.0,4054713.0,Flat
engine/rocksdb/tumbling_sum/tumbling/update/16384/domain=8/bytes=264/nulls=false,99,3.0,3619420.0,Flat
engine/rocksdb/tumbling_sum/tumbling/update/16384/domain=8/bytes=264/nulls=true,0,3.0,3490919.0,Flat
engine/rocksdb/tumbling_sum/tumbling/update/16384/domain=8/bytes=264/nulls=true,1,3.0,3704546.0,Flat
engine/rocksdb/tumbling_sum/tumbling/update/16384/domain=8/bytes=264/nulls=true,2,3.0,3695941.0,Flat
engine/rocksdb/tumbling_sum/tumbling/update/16384/domain=8/bytes=264/nulls=true,3,3.0,3864020.0,Flat
engine/rocksdb/tumbling_sum/tumbling/update/16384/domain=8/bytes=264/nulls=true,4,3.0,4232827.0,Flat
engine/rocksdb/tumbling_sum/tumbling/update/16384/domain=8/bytes=264/nulls=true,5,3.0,4102460.0,Flat
engine/rocksdb/tumbling_sum/tumbling/update/16384/domain=8/bytes=264/nulls=true,6,3.0,4078408.0,Flat
engine/rocksdb/tumbling_sum/tumbling/update/16384/domain=8/bytes=264/nulls=true,7,3.0,3786921.0,Flat
engine/rocksdb/tumbling_sum/tumbling/update/16384/domain=8/bytes=264/nulls=true,8,3.0,3626573.0,Flat
engine/rocksdb/tumbling_sum/tumbling/update/16384/domain=8/bytes=264/nulls=true,9,3.0,3943710.0,Flat
engine/rocksdb/tumbling_sum/tumbling/update/16384/domain=8/bytes=264/nulls=true,10,3.0,3637120.0,Flat
engine/rocksdb/tumbling_sum/tumbling/update/16384/domain=8/bytes=264/nulls=true,11,3.0,3657815.0,Flat
engine/rocksdb/tumbling_sum/tumbling/update/16384/domain=8/bytes=264/nulls=true,12,3.0,3711231.0,Flat
engine/rocksdb/tumbling_sum/tumbling/update/16384/domain=8/bytes=264/nulls=true,13,3.0,3787473.0,Flat
engine/rocksdb/tumbling_sum/tumbling/update/16384/domain=8/bytes=264/nulls=true,14,3.0,3541439.0,Flat
engine/rocksdb/tumbling_sum/tumbling/update/16384/domain=8/bytes=264/nulls=true,15,3.0,3772538.0,Flat
engine/rocksdb/tumbling_sum/tumbling/update/16384/domain=8/bytes=264/nulls=true,16,3.0,3531421.0,Flat
engine/rocksdb/tumbling_sum/tumbling/update/16384/domain=8/bytes=264/nulls=true,17,3.0,3782425.0,Flat
engine/rocksdb/tumbling_sum/tumbling/update/16384/domain=8/bytes=264/nulls=true,18,3.0,3706597.0,Flat
engine/rocksdb/tumbling_sum/tumbling/update/16384/domain=8/bytes=264/nulls=true,19,3.0,3884156.0,Flat
engine/rocksdb/tumbling_sum/tumbling/update/16384/domain=8/bytes=264/nulls=true,20,3.0,3786112.0,Flat
engine/rocksdb/tumbling_sum/tumbling/update/16384/domain=8/bytes=264/nulls=true,21,3.0,3538089.0,Flat
engine/rocksdb/tumbling_sum/tumbling/update/16384/domain=8/bytes=264/nulls=true,22,3.0,3937360.0,Flat
engine/rocksdb/tumbling_sum/tumbling/update/16384/domain=8/bytes=264/nulls=true,23,3.0,3875696.0,Flat
engine/rocksdb/tumbling_sum/tumbling/update/16384/domain=8/bytes=264/nulls=true,24,3.0,3820864.0,Flat
engine/rocksdb/tumbling_sum/tumbling/update/16384/domain=8/bytes=264/nulls=true,25,3.0,3705752.0,Flat
engine/rocksdb/tumbling_sum/tumbling/update/16384/domain=8/bytes=264/nulls=true,26,3.0,3820100.0,Flat
engine/rocksdb/tumbling_sum/tumbling/update/16384/domain=8/bytes=264/nulls=true,27,3.0,3790322.0,Flat
engine/rocksdb/tumbling_sum/tumbling/update/16384/domain=8/bytes=264/nulls=true,28,3.0,3793273.0,Flat
engine/rocksdb/tumbling_sum/tumbling/update/16384/domain=8/bytes=264/nulls=true,29,3.0,3512005.0,Flat
engine/rocksdb/tumbling_sum/tumbling/update/16384/domain=8/bytes=264/nulls=true,30,3.0,3853426.0,Flat
engine/rocksdb/tumbling_sum/tumbling/update/16384/domain=8/bytes=264/nulls=true,31,3.0,3565870.0,Flat
engine/rocksdb/tumbling_sum/tumbling/update/16384/domain=8/bytes=264/nulls=true,32,3.0,3825043.0,Flat
engine/rocksdb/tumbling_sum/tumbling/update/16384/domain=8/bytes=264/nulls=true,33,3.0,3572338.0,Flat
engine/rocksdb/tumbling_sum/tumbling/update/16384/domain=8/bytes=264/nulls=true,34,3.0,3769362.0,Flat
engine/rocksdb/tumbling_sum/tumbling/update/16384/domain=8/bytes=264/nulls=true,35,3.0,3756226.0,Flat
engine/rocksdb/tumbling_sum/tumbling/update/16384/domain=8/bytes=264/nulls=true,36,3.0,3576399.0,Flat
engine/rocksdb/tumbling_sum/tumbling/update/16384/domain=8/bytes=264/nulls=true,37,3.0,3911264.0,Flat
engine/rocksdb/tumbling_sum/tumbling/update/16384/domain=8/bytes=264/nulls=true,38,3.0,3467640.0,Flat
engine/rocksdb/tumbling_sum/tumbling/update/16384/domain=8/bytes=264/nulls=true,39,3.0,3692647.0,Flat
engine/rocksdb/tumbling_sum/tumbling/update/16384/domain=8/bytes=264/nulls=true,40,3.0,4051203.0,Flat
engine/rocksdb/tumbling_sum/tumbling/update/16384/domain=8/bytes=264/nulls=true,41,3.0,4433387.0,Flat
engine/rocksdb/tumbling_sum/tumbling/update/16384/domain=8/bytes=264/nulls=true,42,3.0,4631955.0,Flat
engine/rocksdb/tumbling_sum/tumbling/update/16384/domain=8/bytes=264/nulls=true,43,3.0,3804461.0,Flat
engine/rocksdb/tumbling_sum/tumbling/update/16384/domain=8/bytes=264/nulls=true,44,3.0,4225200.0,Flat
engine/rocksdb/tumbling_sum/tumbling/update/16384/domain=8/bytes=264/nulls=true,45,3.0,3585372.0,Flat
engine/rocksdb/tumbling_sum/tumbling/update/16384/domain=8/bytes=264/nulls=true,46,3.0,3698276.0,Flat
engine/rocksdb/tumbling_sum/tumbling/update/16384/domain=8/bytes=264/nulls=true,47,3.0,3608936.0,Flat
engine/rocksdb/tumbling_sum/tumbling/update/16384/domain=8/bytes=264/nulls=true,48,3.0,3851603.0,Flat
engine/rocksdb/tumbling_sum/tumbling/update/16384/domain=8/bytes=264/nulls=true,49,3.0,3734653.0,Flat
engine/rocksdb/tumbling_sum/tumbling/update/16384/domain=8/bytes=264/nulls=true,50,3.0,3993349.0,Flat
engine/rocksdb/tumbling_sum/tumbling/update/16384/domain=8/bytes=264/nulls=true,51,3.0,3575162.0,Flat
engine/rocksdb/tumbling_sum/tumbling/update/16384/domain=8/bytes=264/nulls=true,52,3.0,3823564.0,Flat
engine/rocksdb/tumbling_sum/tumbling/update/16384/domain=8/bytes=264/nulls=true,53,3.0,3659391.0,Flat
engine/rocksdb/tumbling_sum/tumbling/update/16384/domain=8/bytes=264/nulls=true,54,3.0,3776497.0,Flat
engine/rocksdb/tumbling_sum/tumbling/update/16384/domain=8/bytes=264/nulls=true,55,3.0,3670885.0,Flat
engine/rocksdb/tumbling_sum/tumbling/update/16384/domain=8/bytes=264/nulls=true,56,3.0,3748821.0,Flat
engine/rocksdb/tumbling_sum/tumbling/update/16384/domain=8/bytes=264/nulls=true,57,3.0,3739583.0,Flat
engine/rocksdb/tumbling_sum/tumbling/update/16384/domain=8/bytes=264/nulls=true,58,3.0,3744144.0,Flat
engine/rocksdb/tumbling_sum/tumbling/update/16384/domain=8/bytes=264/nulls=true,59,3.0,4280082.0,Flat
engine/rocksdb/tumbling_sum/tumbling/update/16384/domain=8/bytes=264/nulls=true,60,3.0,3948787.0,Flat
engine/rocksdb/tumbling_sum/tumbling/update/16384/domain=8/bytes=264/nulls=true,61,3.0,4224651.0,Flat
engine/rocksdb/tumbling_sum/tumbling/update/16384/domain=8/bytes=264/nulls=true,62,3.0,5615489.0,Flat
engine/rocksdb/tumbling_sum/tumbling/update/16384/domain=8/bytes=264/nulls=true,63,3.0,4308131.0,Flat
engine/rocksdb/tumbling_sum/tumbling/update/16384/domain=8/bytes=264/nulls=true,64,3.0,3858827.0,Flat
engine/rocksdb/tumbling_sum/tumbling/update/16384/domain=8/bytes=264/nulls=true,65,3.0,4015665.0,Flat
engine/rocksdb/tumbling_sum/tumbling/update/16384/domain=8/bytes=264/nulls=true,66,3.0,4365572.0,Flat
engine/rocksdb/tumbling_sum/tumbling/update/16384/domain=8/bytes=264/nulls=true,67,3.0,3952709.0,Flat
engine/rocksdb/tumbling_sum/tumbling/update/16384/domain=8/bytes=264/nulls=true,68,3.0,4045015.0,Flat
engine/rocksdb/tumbling_sum/tumbling/update/16384/domain=8/bytes=264/nulls=true,69,3.0,4139668.0,Flat
engine/rocksdb/tumbling_sum/tumbling/update/16384/domain=8/bytes=264/nulls=true,70,3.0,3971160.0,Flat
engine/rocksdb/tumbling_sum/tumbling/update/16384/domain=8/bytes=264/nulls=true,71,3.0,3851817.0,Flat
engine/rocksdb/tumbling_sum/tumbling/update/16384/domain=8/bytes=264/nulls=true,72,3.0,4488967.0,Flat
engine/rocksdb/tumbling_sum/tumbling/update/16384/domain=8/bytes=264/nulls=true,73,3.0,4050952.0,Flat
engine/rocksdb/tumbling_sum/tumbling/update/16384/domain=8/bytes=264/nulls=true,74,3.0,4417955.0,Flat
engine/rocksdb/tumbling_sum/tumbling/update/16384/domain=8/bytes=264/nulls=true,75,3.0,3911646.0,Flat
engine/rocksdb/tumbling_sum/tumbling/update/16384/domain=8/bytes=264/nulls=true,76,3.0,4345399.0,Flat
engine/rocksdb/tumbling_sum/tumbling/update/16384/domain=8/bytes=264/nulls=true,77,3.0,4065539.0,Flat
engine/rocksdb/tumbling_sum/tumbling/update/16384/domain=8/bytes=264/nulls=true,78,3.0,4170559.0,Flat
engine/rocksdb/tumbling_sum/tumbling/update/16384/domain=8/bytes=264/nulls=true,79,3.0,4051740.0,Flat
engine/rocksdb/tumbling_sum/tumbling/update/16384/domain=8/bytes=264/nulls=true,80,3.0,3926481.0,Flat
engine/rocksdb/tumbling_sum/tumbling/update/16384/domain=8/bytes=264/nulls=true,81,3.0,4458502.0,Flat
engine/rocksdb/tumbling_sum/tumbling/update/16384/domain=8/bytes=264/nulls=true,82,3.0,3594493.0,Flat
engine/rocksdb/tumbling_sum/tumbling/update/16384/domain=8/bytes=264/nulls=true,83,3.0,3847293.0,Flat
engine/rocksdb/tumbling_sum/tumbling/update/16384/domain=8/bytes=264/nulls=true,84,3.0,3701721.0,Flat
engine/rocksdb/tumbling_sum/tumbling/update/16384/domain=8/bytes=264/nulls=true,85,3.0,3671180.0,Flat
engine/rocksdb/tumbling_sum/tumbling/update/16384/domain=8/bytes=264/nulls=true,86,3.0,3573445.0,Flat
engine/rocksdb/tumbling_sum/tumbling/update/16384/domain=8/bytes=264/nulls=true,87,3.0,3767621.0,Flat
engine/rocksdb/tumbling_sum/tumbling/update/16384/domain=8/bytes=264/nulls=true,88,3.0,3526901.0,Flat
engine/rocksdb/tumbling_sum/tumbling/update/16384/domain=8/bytes=264/nulls=true,89,3.0,3595139.0,Flat
engine/rocksdb/tumbling_sum/tumbling/update/16384/domain=8/bytes=264/nulls=true,90,3.0,3635091.0,Flat
engine/rocksdb/tumbling_sum/tumbling/update/16384/domain=8/bytes=264/nulls=true,91,3.0,3681751.0,Flat
engine/rocksdb/tumbling_sum/tumbling/update/16384/domain=8/bytes=264/nulls=true,92,3.0,3571454.0,Flat
engine/rocksdb/tumbling_sum/tumbling/update/16384/domain=8/bytes=264/nulls=true,93,3.0,3667260.0,Flat
engine/rocksdb/tumbling_sum/tumbling/update/16384/domain=8/bytes=264/nulls=true,94,3.0,3842934.0,Flat
engine/rocksdb/tumbling_sum/tumbling/update/16384/domain=8/bytes=264/nulls=true,95,3.0,3857681.0,Flat
engine/rocksdb/tumbling_sum/tumbling/update/16384/domain=8/bytes=264/nulls=true,96,3.0,3494292.0,Flat
engine/rocksdb/tumbling_sum/tumbling/update/16384/domain=8/bytes=264/nulls=true,97,3.0,3684811.0,Flat
engine/rocksdb/tumbling_sum/tumbling/update/16384/domain=8/bytes=264/nulls=true,98,3.0,3598641.0,Flat
engine/rocksdb/tumbling_sum/tumbling/update/16384/domain=8/bytes=264/nulls=true,99,3.0,3818069.0,Flat
engine/rocksdb/tumbling_sum/tumbling/update/16384/domain=8/bytes=8/nulls=false,0,1.0,1331818.0,Flat
engine/rocksdb/tumbling_sum/tumbling/update/16384/domain=8/bytes=8/nulls=false,1,1.0,671228.0,Flat
engine/rocksdb/tumbling_sum/tumbling/update/16384/domain=8/bytes=8/nulls=false,2,1.0,531630.0,Flat
engine/rocksdb/tumbling_sum/tumbling/update/16384/domain=8/bytes=8/nulls=false,3,1.0,849080.0,Flat
engine/rocksdb/tumbling_sum/tumbling/update/16384/domain=8/bytes=8/nulls=false,4,1.0,842501.0,Flat
engine/rocksdb/tumbling_sum/tumbling/update/16384/domain=8/bytes=8/nulls=false,5,1.0,732317.0,Flat
engine/rocksdb/tumbling_sum/tumbling/update/16384/domain=8/bytes=8/nulls=false,6,1.0,1093063.0,Flat
engine/rocksdb/tumbling_sum/tumbling/update/16384/domain=8/bytes=8/nulls=false,7,1.0,830869.0,Flat
engine/rocksdb/tumbling_sum/tumbling/update/16384/domain=8/bytes=8/nulls=false,8,1.0,1116470.0,Flat
engine/rocksdb/tumbling_sum/tumbling/update/16384/domain=8/bytes=8/nulls=false,9,1.0,1279088.0,Flat
engine/rocksdb/tumbling_sum/tumbling/update/16384/domain=8/bytes=8/nulls=false,10,1.0,975238.0,Flat
engine/rocksdb/tumbling_sum/tumbling/update/16384/domain=8/bytes=8/nulls=false,11,1.0,807892.0,Flat
engine/rocksdb/tumbling_sum/tumbling/update/16384/domain=8/bytes=8/nulls=false,12,1.0,830935.0,Flat
engine/rocksdb/tumbling_sum/tumbling/update/16384/domain=8/bytes=8/nulls=false,13,1.0,501721.0,Flat
engine/rocksdb/tumbling_sum/tumbling/update/16384/domain=8/bytes=8/nulls=false,14,1.0,785981.0,Flat
engine/rocksdb/tumbling_sum/tumbling/update/16384/domain=8/bytes=8/nulls=false,15,1.0,1275103.0,Flat
engine/rocksdb/tumbling_sum/tumbling/update/16384/domain=8/bytes=8/nulls=false,16,1.0,1116187.0,Flat
engine/rocksdb/tumbling_sum/tumbling/update/16384/domain=8/bytes=8/nulls=false,17,1.0,1081379.0,Flat
engine/rocksdb/tumbling_sum/tumbling/update/16384/domain=8/bytes=8/nulls=false,18,1.0,1042599.0,Flat
engine/rocksdb/tumbling_sum/tumbling/update/16384/domain=8/bytes=8/nulls=false,19,1.0,823989.0,Flat
engine/rocksdb/tumbling_sum/tumbling/update/16384/domain=8/bytes=8/nulls=false,20,1.0,1093940.0,Flat
engine/rocksdb/tumbling_sum/tumbling/update/16384/domain=8/bytes=8/nulls=false,21,1.0,519434.0,Flat
engine/rocksdb/tumbling_sum/tumbling/update/16384/domain=8/bytes=8/nulls=false,22,1.0,916728.0,Flat
engine/rocksdb/tumbling_sum/tumbling/update/16384/domain=8/bytes=8/nulls=false,23,1.0,819498.0,Flat
engine/rocksdb/tumbling_sum/tumbling/update/16384/domain=8/bytes=8/nulls=false,24,1.0,949186.0,Flat
engine/rocksdb/tumbling_sum/tumbling/update/16384/domain=8/bytes=8/nulls=false,25,1.0,1021760.0,Flat
engine/rocksdb/tumbling_sum/tumbling/update/16384/domain=8/bytes=8/nulls=false,26,1.0,773861.0,Flat
engine/rocksdb/tumbling_sum/tumbling/update/16384/domain=8/bytes=8/nulls=false,27,1.0,989173.0,Flat
engine/rocksdb/tumbling_sum/tumbling/update/16384/domain=8/bytes=8/nulls=false,28,1.0,641038.0,Flat
engine/rocksdb/tumbling_sum/tumbling/update/16384/domain=8/bytes=8/nulls=false,29,1.0,1091375.0,Flat
engine/rocksdb/tumbling_sum/tumbling/update/16384/domain=8/bytes=8/nulls=false,30,1.0,892521.0,Flat
engine/rocksdb/tumbling_sum/tumbling/update/16384/domain=8/bytes=8/nulls=false,31,1.0,820277.0,Flat
engine/rocksdb/tumbling_sum/tumbling/update/16384/domain=8/bytes=8/nulls=false,32,1.0,742232.0,Flat
engine/rocksdb/tumbling_sum/tumbling/update/16384/domain=8/bytes=8/nulls=false,33,1.0,909374.0,Flat
engine/rocksdb/tumbling_sum/tumbling/update/16384/domain=8/bytes=8/nulls=false,34,1.0,802931.0,Flat
engine/rocksdb/tumbling_sum/tumbling/update/16384/domain=8/bytes=8/nulls=false,35,1.0,803924.0,Flat
engine/rocksdb/tumbling_sum/tumbling/update/16384/domain=8/bytes=8/nulls=false,36,1.0,1027984.0,Flat
engine/rocksdb/tumbling_sum/tumbling/update/16384/domain=8/bytes=8/nulls=false,37,1.0,813771.0,Flat
engine/rocksdb/tumbling_sum/tumbling/update/16384/domain=8/bytes=8/nulls=false,38,1.0,1171814.0,Flat
engine/rocksdb/tumbling_sum/tumbling/update/16384/domain=8/bytes=8/nulls=false,39,1.0,481535.0,Flat
engine/rocksdb/tumbling_sum/tumbling/update/16384/domain=8/bytes=8/nulls=false,40,1.0,944828.0,Flat
engine/rocksdb/tumbling_sum/tumbling/update/16384/domain=8/bytes=8/nulls=false,41,1.0,1176157.0,Flat
engine/rocksdb/tumbling_sum/tumbling/update/16384/domain=8/bytes=8/nulls=false,42,1.0,1514843.0,Flat
engine/rocksdb/tumbling_sum/tumbling/update/16384/domain=8/bytes=8/nulls=false,43,1.0,1075358.0,Flat
engine/rocksdb/tumbling_sum/tumbling/update/16384/domain=8/bytes=8/nulls=false,44,1.0,893119.0,Flat
engine/rocksdb/tumbling_sum/tumbling/update/16384/domain=8/bytes=8/nulls=false,45,1.0,966824.0,Flat
engine/rocksdb/tumbling_sum/tumbling/update/16384/domain=8/bytes=8/nulls=false,46,1.0,901361.0,Flat
engine/rocksdb/tumbling_sum/tumbling/update/16384/domain=8/bytes=8/nulls=false,47,1.0,893331.0,Flat
engine/rocksdb/tumbling_sum/tumbling/update/16384/domain=8/bytes=8/nulls=false,48,1.0,853968.0,Flat
engine/rocksdb/tumbling_sum/tumbling/update/16384/domain=8/bytes=8/nulls=false,49,1.0,786049.0,Flat
engine/rocksdb/tumbling_sum/tumbling/update/16384/domain=8/bytes=8/nulls=false,50,1.0,1182826.0,Flat
engine/rocksdb/tumbling_sum/tumbling/update/16384/domain=8/bytes=8/nulls=false,51,1.0,1058007.0,Flat
engine/rocksdb/tumbling_sum/tumbling/update/16384/domain=8/bytes=8/nulls=false,52,1.0,1172387.0,Flat
engine/rocksdb/tumbling_sum/tumbling/update/16384/domain=8/bytes=8/nulls=false,53,1.0,450678.0,Flat
engine/rocksdb/tumbling_sum/tumbling/update/16384/domain=8/bytes=8/nulls=false,54,1.0,1192272.0,Flat
engine/rocksdb/tumbling_sum/tumbling/update/16384/domain=8/bytes=8/nulls=false,55,1.0,1061045.0,Flat
engine/rocksdb/tumbling_sum/tumbling/update/16384/domain=8/bytes=8/nulls=false,56,1.0,801288.0,Flat
engine/rocksdb/tumbling_sum/tumbling/update/16384/domain=8/bytes=8/nulls=false,57,1.0,786458.0,Flat
engine/rocksdb/tumbling_sum/tumbling/update/16384/domain=8/bytes=8/nulls=false,58,1.0,789245.0,Flat
engine/rocksdb/tumbling_sum/tumbling/update/16384/domain=8/bytes=8/nulls=false,59,1.0,885764.0,Flat
engine/rocksdb/tumbling_sum/tumbling/update/16384/domain=8/bytes=8/nulls=false,60,1.0,757471.0,Flat
engine/rocksdb/tumbling_sum/tumbling/update/16384/domain=8/bytes=8/nulls=false,61,1.0,758495.0,Flat
engine/rocksdb/tumbling_sum/tumbling/update/16384/domain=8/bytes=8/nulls=false,62,1.0,1004555.0,Flat
engine/rocksdb/tumbling_sum/tumbling/update/16384/domain=8/bytes=8/nulls=false,63,1.0,1288050.0,Flat
engine/rocksdb/tumbling_sum/tumbling/update/16384/domain=8/bytes=8/nulls=false,64,1.0,898904.0,Flat
engine/rocksdb/tumbling_sum/tumbling/update/16384/domain=8/bytes=8/nulls=false,65,1.0,1165418.0,Flat
engine/rocksdb/tumbling_sum/tumbling/update/16384/domain=8/bytes=8/nulls=false,66,1.0,762392.0,Flat
engine/rocksdb/tumbling_sum/tumbling/update/16384/domain=8/bytes=8/nulls=false,67,1.0,1119704.0,Flat
engine/rocksdb/tumbling_sum/tumbling/update/16384/domain=8/bytes=8/nulls=false,68,1.0,1571489.0,Flat
engine/rocksdb/tumbling_sum/tumbling/update/16384/domain=8/bytes=8/nulls=false,69,1.0,1280246.0,Flat
engine/rocksdb/tumbling_sum/tumbling/update/16384/domain=8/bytes=8/nulls=false,70,1.0,1124446.0,Flat
engine/rocksdb/tumbling_sum/tumbling/update/16384/domain=8/bytes=8/nulls=false,71,1.0,655563.0,Flat
engine/rocksdb/tumbling_sum/tumbling/update/16384/domain=8/bytes=8/nulls=false,72,1.0,752342.0,Flat
engine/rocksdb/tumbling_sum/tumbling/update/16384/domain=8/bytes=8/nulls=false,73,1.0,1328759.0,Flat
engine/rocksdb/tumbling_sum/tumbling/update/16384/domain=8/bytes=8/nulls=false,74,1.0,807221.0,Flat
engine/rocksdb/tumbling_sum/tumbling/update/16384/domain=8/bytes=8/nulls=false,75,1.0,852169.0,Flat
engine/rocksdb/tumbling_sum/tumbling/update/16384/domain=8/bytes=8/nulls=false,76,1.0,723528.0,Flat
engine/rocksdb/tumbling_sum/tumbling/update/16384/domain=8/bytes=8/nulls=false,77,1.0,750054.0,Flat
engine/rocksdb/tumbling_sum/tumbling/update/16384/domain=8/bytes=8/nulls=false,78,1.0,983393.0,Flat
engine/rocksdb/tumbling_sum/tumbling/update/16384/domain=8/bytes=8/nulls=false,79,1.0,963191.0,Flat
engine/rocksdb/tumbling_sum/tumbling/update/16384/domain=8/bytes=8/nulls=false,80,1.0,1327560.0,Flat
engine/rocksdb/tumbling_sum/tumbling/update/16384/domain=8/bytes=8/nulls=false,81,1.0,1094024.0,Flat
engine/rocksdb/tumbling_sum/tumbling/update/16384/domain=8/bytes=8/nulls=false,82,1.0,749182.0,Flat
engine/rocksdb/tumbling_sum/tumbling/update/16384/domain=8/bytes=8/nulls=false,83,1.0,952939.0,Flat
engine/rocksdb/tumbling_sum/tumbling/update/16384/domain=8/bytes=8/nulls=false,84,1.0,1032044.0,Flat
engine/rocksdb/tumbling_sum/tumbling/update/16384/domain=8/bytes=8/nulls=false,85,1.0,1453280.0,Flat
engine/rocksdb/tumbling_sum/tumbling/update/16384/domain=8/bytes=8/nulls=false,86,1.0,1138241.0,Flat
engine/rocksdb/tumbling_sum/tumbling/update/16384/domain=8/bytes=8/nulls=false,87,1.0,784803.0,Flat
engine/rocksdb/tumbling_sum/tumbling/update/16384/domain=8/bytes=8/nulls=false,88,1.0,920460.0,Flat
engine/rocksdb/tumbling_sum/tumbling/update/16384/domain=8/bytes=8/nulls=false,89,1.0,826568.0,Flat
engine/rocksdb/tumbling_sum/tumbling/update/16384/domain=8/bytes=8/nulls=false,90,1.0,804606.0,Flat
engine/rocksdb/tumbling_sum/tumbling/update/16384/domain=8/bytes=8/nulls=false,91,1.0,855987.0,Flat
engine/rocksdb/tumbling_sum/tumbling/update/16384/domain=8/bytes=8/nulls=false,92,1.0,982280.0,Flat
engine/rocksdb/tumbling_sum/tumbling/update/16384/domain=8/bytes=8/nulls=false,93,1.0,1369300.0,Flat
engine/rocksdb/tumbling_sum/tumbling/update/16384/domain=8/bytes=8/nulls=false,94,1.0,1130156.0,Flat
engine/rocksdb/tumbling_sum/tumbling/update/16384/domain=8/bytes=8/nulls=false,95,1.0,785840.0,Flat
engine/rocksdb/tumbling_sum/tumbling/update/16384/domain=8/bytes=8/nulls=false,96,1.0,1106787.0,Flat
engine/rocksdb/tumbling_sum/tumbling/update/16384/domain=8/bytes=8/nulls=false,97,1.0,1428432.0,Flat
engine/rocksdb/tumbling_sum/tumbling/update/16384/domain=8/bytes=8/nulls=false,98,1.0,920320.0,Flat
engine/rocksdb/tumbling_sum/tumbling/update/16384/domain=8/bytes=8/nulls=false,99,1.0,529268.0,Flat
engine/rocksdb/tumbling_sum/tumbling/update/16384/domain=8/bytes=8/nulls=true,0,1.0,439092.0,Flat
engine/rocksdb/tumbling_sum/tumbling/update/16384/domain=8/bytes=8/nulls=true,1,1.0,471518.0,Flat
engine/rocksdb/tumbling_sum/tumbling/update/16384/domain=8/bytes=8/nulls=true,2,1.0,440305.0,Flat
engine/rocksdb/tumbling_sum/tumbling/update/16384/domain=8/bytes=8/nulls=true,3,1.0,507419.0,Flat
engine/rocksdb/tumbling_sum/tumbling/update/16384/domain=8/bytes=8/nulls=true,4,1.0,468092.0,Flat
engine/rocksdb/tumbling_sum/tumbling/update/16384/domain=8/bytes=8/nulls=true,5,1.0,458481.0,Flat
engine/rocksdb/tumbling_sum/tumbling/update/16384/domain=8/bytes=8/nulls=true,6,1.0,454113.0,Flat
engine/rocksdb/tumbling_sum/tumbling/update/16384/domain=8/bytes=8/nulls=true,7,1.0,440504.0,Flat
engine/rocksdb/tumbling_sum/tumbling/update/16384/domain=8/bytes=8/nulls=true,8,1.0,451157.0,Flat
engine/rocksdb/tumbling_sum/tumbling/update/16384/domain=8/bytes=8/nulls=true,9,1.0,535662.0,Flat
engine/rocksdb/tumbling_sum/tumbling/update/16384/domain=8/bytes=8/nulls=true,10,1.0,477553.0,Flat
engine/rocksdb/tumbling_sum/tumbling/update/16384/domain=8/bytes=8/nulls=true,11,1.0,468678.0,Flat
engine/rocksdb/tumbling_sum/tumbling/update/16384/domain=8/bytes=8/nulls=true,12,1.0,503747.0,Flat
engine/rocksdb/tumbling_sum/tumbling/update/16384/domain=8/bytes=8/nulls=true,13,1.0,435787.0,Flat
engine/rocksdb/tumbling_sum/tumbling/update/16384/domain=8/bytes=8/nulls=true,14,1.0,420792.0,Flat
engine/rocksdb/tumbling_sum/tumbling/update/16384/domain=8/bytes=8/nulls=true,15,1.0,486943.0,Flat
engine/rocksdb/tumbling_sum/tumbling/update/16384/domain=8/bytes=8/nulls=true,16,1.0,459990.0,Flat
engine/rocksdb/tumbling_sum/tumbling/update/16384/domain=8/bytes=8/nulls=true,17,1.0,449405.0,Flat
engine/rocksdb/tumbling_sum/tumbling/update/16384/domain=8/bytes=8/nulls=true,18,1.0,425957.0,Flat
engine/rocksdb/tumbling_sum/tumbling/update/16384/domain=8/bytes=8/nulls=true,19,1.0,459107.0,Flat
engine/rocksdb/tumbling_sum/tumbling/update/16384/domain=8/bytes=8/nulls=true,20,1.0,443737.0,Flat
engine/rocksdb/tumbling_sum/tumbling/update/16384/domain=8/bytes=8/nulls=true,21,1.0,472769.0,Flat
engine/rocksdb/tumbling_sum/tumbling/update/16384/domain=8/bytes=8/nulls=true,22,1.0,431016.0,Flat
engine/rocksdb/tumbling_sum/tumbling/update/16384/domain=8/bytes=8/nulls=true,23,1.0,435435.0,Flat
engine/rocksdb/tumbling_sum/tumbling/update/16384/domain=8/bytes=8/nulls=true,24,1.0,439772.0,Flat
engine/rocksdb/tumbling_sum/tumbling/update/16384/domain=8/bytes=8/nulls=true,25,1.0,478881.0,Flat
engine/rocksdb/tumbling_sum/tumbling/update/16384/domain=8/bytes=8/nulls=true,26,1.0,484722.0,Flat
engine/rocksdb/tumbling_sum/tumbling/update/16384/domain=8/bytes=8/nulls=true,27,1.0,463274.0,Flat
engine/rocksdb/tumbling_sum/tumbling/update/16384/domain=8/bytes=8/nulls=true,28,1.0,495263.0,Flat
engine/rocksdb/tumbling_sum/tumbling/update/16384/domain=8/bytes=8/nulls=true,29,1.0,453403.0,Flat
engine/rocksdb/tumbling_sum/tumbling/update/16384/domain=8/bytes=8/nulls=true,30,1.0,486170.0,Flat
engine/rocksdb/tumbling_sum/tumbling/update/16384/domain=8/bytes=8/nulls=true,31,1.0,437500.0,Flat
engine/rocksdb/tumbling_sum/tumbling/update/16384/domain=8/bytes=8/nulls=true,32,1.0,511146.0,Flat
engine/rocksdb/tumbling_sum/tumbling/update/16384/domain=8/bytes=8/nulls=true,33,1.0,474325.0,Flat
engine/rocksdb/tumbling_sum/tumbling/update/16384/domain=8/bytes=8/nulls=true,34,1.0,437305.0,Flat
engine/rocksdb/tumbling_sum/tumbling/update/16384/domain=8/bytes=8/nulls=true,35,1.0,427122.0,Flat
engine/rocksdb/tumbling_sum/tumbling/update/16384/domain=8/bytes=8/nulls=true,36,1.0,427794.0,Flat
engine/rocksdb/tumbling_sum/tumbling/update/16384/domain=8/bytes=8/nulls=true,37,1.0,429030.0,Flat
engine/rocksdb/tumbling_sum/tumbling/update/16384/domain=8/bytes=8/nulls=true,38,1.0,469560.0,Flat
engine/rocksdb/tumbling_sum/tumbling/update/16384/domain=8/bytes=8/nulls=true,39,1.0,443008.0,Flat
engine/rocksdb/tumbling_sum/tumbling/update/16384/domain=8/bytes=8/nulls=true,40,1.0,464274.0,Flat
engine/rocksdb/tumbling_sum/tumbling/update/16384/domain=8/bytes=8/nulls=true,41,1.0,426297.0,Flat
engine/rocksdb/tumbling_sum/tumbling/update/16384/domain=8/bytes=8/nulls=true,42,1.0,433967.0,Flat
engine/rocksdb/tumbling_sum/tumbling/update/16384/domain=8/bytes=8/nulls=true,43,1.0,425175.0,Flat
engine/rocksdb/tumbling_sum/tumbling/update/16384/domain=8/bytes=8/nulls=true,44,1.0,452879.0,Flat
engine/rocksdb/tumbling_sum/tumbling/update/16384/domain=8/bytes=8/nulls=true,45,1.0,443818.0,Flat
engine/rocksdb/tumbling_sum/tumbling/update/16384/domain=8/bytes=8/nulls=true,46,1.0,449236.0,Flat
engine/rocksdb/tumbling_sum/tumbling/update/16384/domain=8/bytes=8/nulls=true,47,1.0,447691.0,Flat
engine/rocksdb/tumbling_sum/tumbling/update/16384/domain=8/bytes=8/nulls=true,48,1.0,451970.0,Flat
engine/rocksdb/tumbling_sum/tumbling/update/16384/domain=8/bytes=8/nulls=true,49,1.0,441657.0,Flat
engine/rocksdb/tumbling_sum/tumbling/update/16384/domain=8/bytes=8/nulls=true,50,1.0,507394.0,Flat
engine/rocksdb/tumbling_sum/tumbling/update/16384/domain=8/bytes=8/nulls=true,51,1.0,444620.0,Flat
engine/rocksdb/tumbling_sum/tumbling/update/16384/domain=8/bytes=8/nulls=true,52,1.0,436949.0,Flat
engine/rocksdb/tumbling_sum/tumbling/update/16384/domain=8/bytes=8/nulls=true,53,1.0,425319.0,Flat
engine/rocksdb/tumbling_sum/tumbling/update/16384/domain=8/bytes=8/nulls=true,54,1.0,431640.0,Flat
engine/rocksdb/tumbling_sum/tumbling/update/16384/domain=8/bytes=8/nulls=true,55,1.0,430679.0,Flat
engine/rocksdb/tumbling_sum/tumbling/update/16384/domain=8/bytes=8/nulls=true,56,1.0,447265.0,Flat
engine/rocksdb/tumbling_sum/tumbling/update/16384/domain=8/bytes=8/nulls=true,57,1.0,428938.0,Flat
engine/rocksdb/tumbling_sum/tumbling/update/16384/domain=8/bytes=8/nulls=true,58,1.0,460799.0,Flat
engine/rocksdb/tumbling_sum/tumbling/update/16384/domain=8/bytes=8/nulls=true,59,1.0,440395.0,Flat
engine/rocksdb/tumbling_sum/tumbling/update/16384/domain=8/bytes=8/nulls=true,60,1.0,442979.0,Flat
engine/rocksdb/tumbling_sum/tumbling/update/16384/domain=8/bytes=8/nulls=true,61,1.0,455940.0,Flat
engine/rocksdb/tumbling_sum/tumbling/update/16384/domain=8/bytes=8/nulls=true,62,1.0,466672.0,Flat
engine/rocksdb/tumbling_sum/tumbling/update/16384/domain=8/bytes=8/nulls=true,63,1.0,428167.0,Flat
engine/rocksdb/tumbling_sum/tumbling/update/16384/domain=8/bytes=8/nulls=true,64,1.0,436843.0,Flat
engine/rocksdb/tumbling_sum/tumbling/update/16384/domain=8/bytes=8/nulls=true,65,1.0,477553.0,Flat
engine/rocksdb/tumbling_sum/tumbling/update/16384/domain=8/bytes=8/nulls=true,66,1.0,455212.0,Flat
engine/rocksdb/tumbling_sum/tumbling/update/16384/domain=8/bytes=8/nulls=true,67,1.0,511412.0,Flat
engine/rocksdb/tumbling_sum/tumbling/update/16384/domain=8/bytes=8/nulls=true,68,1.0,435639.0,Flat
engine/rocksdb/tumbling_sum/tumbling/update/16384/domain=8/bytes=8/nulls=true,69,1.0,429137.0,Flat
engine/rocksdb/tumbling_sum/tumbling/update/16384/domain=8/bytes=8/nulls=true,70,1.0,457595.0,Flat
engine/rocksdb/tumbling_sum/tumbling/update/16384/domain=8/bytes=8/nulls=true,71,1.0,430009.0,Flat
engine/rocksdb/tumbling_sum/tumbling/update/16384/domain=8/bytes=8/nulls=true,72,1.0,453085.0,Flat
engine/rocksdb/tumbling_sum/tumbling/update/16384/domain=8/bytes=8/nulls=true,73,1.0,433286.0,Flat
engine/rocksdb/tumbling_sum/tumbling/update/16384/domain=8/bytes=8/nulls=true,74,1.0,422005.0,Flat
engine/rocksdb/tumbling_sum/tumbling/update/16384/domain=8/bytes=8/nulls=true,75,1.0,423215.0,Flat
engine/rocksdb/tumbling_sum/tumbling/update/16384/domain=8/bytes=8/nulls=true,76,1.0,438157.0,Flat
engine/rocksdb/tumbling_sum/tumbling/update/16384/domain=8/bytes=8/nulls=true,77,1.0,420750.0,Flat
engine/rocksdb/tumbling_sum/tumbling/update/16384/domain=8/bytes=8/nulls=true,78,1.0,477413.0,Flat
engine/rocksdb/tumbling_sum/tumbling/update/16384/domain=8/bytes=8/nulls=true,79,1.0,486562.0,Flat
engine/rocksdb/tumbling_sum/tumbling/update/16384/domain=8/bytes=8/nulls=true,80,1.0,440963.0,Flat
engine/rocksdb/tumbling_sum/tumbling/update/16384/domain=8/bytes=8/nulls=true,81,1.0,431848.0,Flat
engine/rocksdb/tumbling_sum/tumbling/update/16384/domain=8/bytes=8/nulls=true,82,1.0,454460.0,Flat
engine/rocksdb/tumbling_sum/tumbling/update/16384/domain=8/bytes=8/nulls=true,83,1.0,436050.0,Flat
engine/rocksdb/tumbling_sum/tumbling/update/16384/domain=8/bytes=8/nulls=true,84,1.0,467755.0,Flat
engine/rocksdb/tumbling_sum/tumbling/update/16384/domain=8/bytes=8/nulls=true,85,1.0,428717.0,Flat
engine/rocksdb/tumbling_sum/tumbling/update/16384/domain=8/bytes=8/nulls=true,86,1.0,433773.0,Flat
engine/rocksdb/tumbling_sum/tumbling/update/16384/domain=8/bytes=8/nulls=true,87,1.0,456625.0,Flat
engine/rocksdb/tumbling_sum/tumbling/update/16384/domain=8/bytes=8/nulls=true,88,1.0,440905.0,Flat
engine/rocksdb/tumbling_sum/tumbling/update/16384/domain=8/bytes=8/nulls=true,89,1.0,451904.0,Flat
engine/rocksdb/tumbling_sum/tumbling/update/16384/domain=8/bytes=8/nulls=true,90,1.0,450580.0,Flat
engine/rocksdb/tumbling_sum/tumbling/update/16384/domain=8/bytes=8/nulls=true,91,1.0,451595.0,Flat
engine/rocksdb/tumbling_sum/tumbling/update/16384/domain=8/bytes=8/nulls=true,92,1.0,420446.0,Flat
engine/rocksdb/tumbling_sum/tumbling/update/16384/domain=8/bytes=8/nulls=true,93,1.0,444605.0,Flat
engine/rocksdb/tumbling_sum/tumbling/update/16384/domain=8/bytes=8/nulls=true,94,1.0,426696.0,Flat
engine/rocksdb/tumbling_sum/tumbling/update/16384/domain=8/bytes=8/nulls=true,95,1.0,455853.0,Flat
engine/rocksdb/tumbling_sum/tumbling/update/16384/domain=8/bytes=8/nulls=true,96,1.0,451031.0,Flat
engine/rocksdb/tumbling_sum/tumbling/update/16384/domain=8/bytes=8/nulls=true,97,1.0,461481.0,Flat
engine/rocksdb/tumbling_sum/tumbling/update/16384/domain=8/bytes=8/nulls=true,98,1.0,424768.0,Flat
engine/rocksdb/tumbling_sum/tumbling/update/16384/domain=8/bytes=8/nulls=true,99,1.0,477768.0,Flat
