profile,allocation_calls,requested_bytes,shared_output_buffer_bytes,new_output_buffer_bytes
group_extrema/checkpoint/1024/domain=1024/bytes=264/nulls=false,21,576,0,0
group_extrema/checkpoint/1024/domain=1024/bytes=264/nulls=true,21,576,0,0
group_extrema/checkpoint/1024/domain=1024/bytes=8/nulls=false,21,576,0,0
group_extrema/checkpoint/1024/domain=1024/bytes=8/nulls=true,21,576,0,0
group_extrema/checkpoint/1024/domain=8/bytes=264/nulls=false,21,576,0,0
group_extrema/checkpoint/1024/domain=8/bytes=264/nulls=true,21,576,0,0
group_extrema/checkpoint/1024/domain=8/bytes=8/nulls=false,21,576,0,0
group_extrema/checkpoint/1024/domain=8/bytes=8/nulls=true,21,576,0,0
group_extrema/checkpoint/16/domain=16/bytes=264/nulls=false,21,576,0,0
group_extrema/checkpoint/16/domain=16/bytes=264/nulls=true,21,576,0,0
group_extrema/checkpoint/16/domain=16/bytes=8/nulls=false,21,576,0,0
group_extrema/checkpoint/16/domain=16/bytes=8/nulls=true,21,576,0,0
group_extrema/checkpoint/16/domain=8/bytes=264/nulls=false,21,576,0,0
group_extrema/checkpoint/16/domain=8/bytes=264/nulls=true,21,576,0,0
group_extrema/checkpoint/16/domain=8/bytes=8/nulls=false,21,576,0,0
group_extrema/checkpoint/16/domain=8/bytes=8/nulls=true,21,576,0,0
group_extrema/checkpoint/16384/domain=16384/bytes=264/nulls=false,40,954,0,0
group_extrema/checkpoint/16384/domain=16384/bytes=264/nulls=true,37,923,0,0
group_extrema/checkpoint/16384/domain=16384/bytes=8/nulls=false,24,607,0,0
group_extrema/checkpoint/16384/domain=16384/bytes=8/nulls=true,24,607,0,0
group_extrema/checkpoint/16384/domain=8/bytes=264/nulls=false,21,576,0,0
group_extrema/checkpoint/16384/domain=8/bytes=264/nulls=true,21,576,0,0
group_extrema/checkpoint/16384/domain=8/bytes=8/nulls=false,21,576,0,0
group_extrema/checkpoint/16384/domain=8/bytes=8/nulls=true,21,576,0,0
group_extrema/insert_flush/1024/domain=1024/bytes=264/nulls=false,26990,10922785,0,308142
group_extrema/insert_flush/1024/domain=1024/bytes=264/nulls=true,23669,9621526,0,280236
group_extrema/insert_flush/1024/domain=1024/bytes=8/nulls=false,26985,5709601,0,45998
group_extrema/insert_flush/1024/domain=1024/bytes=8/nulls=true,23664,5131286,0,42156
group_extrema/insert_flush/1024/domain=8/bytes=264/nulls=false,7610,3570849,0,2396
group_extrema/insert_flush/1024/domain=8/bytes=264/nulls=true,6663,2954091,0,2431
group_extrema/insert_flush/1024/domain=8/bytes=8/nulls=false,7607,1373793,0,348
group_extrema/insert_flush/1024/domain=8/bytes=8/nulls=true,6660,1257771,0,383
group_extrema/insert_flush/16/domain=16/bytes=264/nulls=false,642,174529,0,4794
group_extrema/insert_flush/16/domain=16/bytes=264/nulls=true,594,150379,0,4230
group_extrema/insert_flush/16/domain=16/bytes=8/nulls=false,639,98433,0,698
group_extrema/insert_flush/16/domain=16/bytes=8/nulls=true,591,88619,0,646
group_extrema/insert_flush/16/domain=8/bytes=264/nulls=false,482,120801,0,2396
group_extrema/insert_flush/16/domain=8/bytes=264/nulls=true,487,112075,0,2431
group_extrema/insert_flush/16/domain=8/bytes=8/nulls=false,479,61857,0,348
group_extrema/insert_flush/16/domain=8/bytes=8/nulls=true,484,66443,0,383
group_extrema/insert_flush/16384/domain=16384/bytes=264/nulls=false,426438,176488417,0,4953246
group_extrema/insert_flush/16384/domain=16384/bytes=264/nulls=true,365810,154344143,0,4508403
group_extrema/insert_flush/16384/domain=16384/bytes=8/nulls=false,426434,93647841,0,758942
group_extrema/insert_flush/16384/domain=16384/bytes=8/nulls=true,365806,83379919,0,695539
group_extrema/insert_flush/16384/domain=8/bytes=264/nulls=false,38330,13063329,0,2396
group_extrema/insert_flush/16384/domain=8/bytes=264/nulls=true,38317,12014411,0,2431
group_extrema/insert_flush/16384/domain=8/bytes=8/nulls=false,38327,3001953,0,348
group_extrema/insert_flush/16384/domain=8/bytes=8/nulls=true,38314,2922763,0,383
group_extrema/restore_aligned/1024/domain=1024/bytes=264/nulls=false,101,7761,0,0
group_extrema/restore_aligned/1024/domain=1024/bytes=264/nulls=true,101,7761,0,0
group_extrema/restore_aligned/1024/domain=1024/bytes=8/nulls=false,101,7761,0,0
group_extrema/restore_aligned/1024/domain=1024/bytes=8/nulls=true,101,7761,0,0
group_extrema/restore_aligned/1024/domain=8/bytes=264/nulls=false,101,7761,0,0
group_extrema/restore_aligned/1024/domain=8/bytes=264/nulls=true,101,7761,0,0
group_extrema/restore_aligned/1024/domain=8/bytes=8/nulls=false,101,7761,0,0
group_extrema/restore_aligned/1024/domain=8/bytes=8/nulls=true,101,7761,0,0
group_extrema/restore_aligned/16/domain=16/bytes=264/nulls=false,101,7761,0,0
group_extrema/restore_aligned/16/domain=16/bytes=264/nulls=true,101,7761,0,0
group_extrema/restore_aligned/16/domain=16/bytes=8/nulls=false,101,7761,0,0
group_extrema/restore_aligned/16/domain=16/bytes=8/nulls=true,101,7761,0,0
group_extrema/restore_aligned/16/domain=8/bytes=264/nulls=false,101,7761,0,0
group_extrema/restore_aligned/16/domain=8/bytes=264/nulls=true,101,7761,0,0
group_extrema/restore_aligned/16/domain=8/bytes=8/nulls=false,101,7761,0,0
group_extrema/restore_aligned/16/domain=8/bytes=8/nulls=true,101,7761,0,0
group_extrema/restore_aligned/16384/domain=16384/bytes=264/nulls=false,137,8679,0,0
group_extrema/restore_aligned/16384/domain=16384/bytes=264/nulls=true,131,8526,0,0
group_extrema/restore_aligned/16384/domain=16384/bytes=8/nulls=false,107,7914,0,0
group_extrema/restore_aligned/16384/domain=16384/bytes=8/nulls=true,107,7914,0,0
group_extrema/restore_aligned/16384/domain=8/bytes=264/nulls=false,101,7761,0,0
group_extrema/restore_aligned/16384/domain=8/bytes=264/nulls=true,101,7761,0,0
group_extrema/restore_aligned/16384/domain=8/bytes=8/nulls=false,101,7761,0,0
group_extrema/restore_aligned/16384/domain=8/bytes=8/nulls=true,101,7761,0,0
group_extrema/restore_rebuilt/1024/domain=1024/bytes=264/nulls=false,3150,507444,0,0
group_extrema/restore_rebuilt/1024/domain=1024/bytes=264/nulls=true,2766,423656,0,0
group_extrema/restore_rebuilt/1024/domain=1024/bytes=8/nulls=false,3150,114228,0,0
group_extrema/restore_rebuilt/1024/domain=1024/bytes=8/nulls=true,2766,100328,0,0
group_extrema/restore_rebuilt/1024/domain=8/bytes=264/nulls=false,2142,327444,0,0
group_extrema/restore_rebuilt/1024/domain=8/bytes=264/nulls=true,1632,229128,0,0
group_extrema/restore_rebuilt/1024/domain=8/bytes=8/nulls=false,2142,63252,0,0
group_extrema/restore_rebuilt/1024/domain=8/bytes=8/nulls=true,1632,48392,0,0
group_extrema/restore_rebuilt/16/domain=16/bytes=264/nulls=false,126,14964,0,0
group_extrema/restore_rebuilt/16/domain=16/bytes=264/nulls=true,122,13528,0,0
group_extrema/restore_rebuilt/16/domain=16/bytes=8/nulls=false,126,8820,0,0
group_extrema/restore_rebuilt/16/domain=16/bytes=8/nulls=true,122,8664,0,0
group_extrema/restore_rebuilt/16/domain=8/bytes=264/nulls=false,126,14964,0,0
group_extrema/restore_rebuilt/16/domain=8/bytes=264/nulls=true,118,12908,0,0
group_extrema/restore_rebuilt/16/domain=8/bytes=8/nulls=false,126,8820,0,0
group_extrema/restore_rebuilt/16/domain=8/bytes=8/nulls=true,118,8556,0,0
group_extrema/restore_rebuilt/16384/domain=16384/bytes=264/nulls=false,49230,8199156,0,0
group_extrema/restore_rebuilt/16384/domain=16384/bytes=264/nulls=true,40910,6785212,0,0
group_extrema/restore_rebuilt/16384/domain=16384/bytes=8/nulls=false,49230,1907700,0,0
group_extrema/restore_rebuilt/16384/domain=16384/bytes=8/nulls=true,40910,1610684,0,0
group_extrema/restore_rebuilt/16384/domain=8/bytes=264/nulls=false,3326,510964,0,0
group_extrema/restore_rebuilt/16384/domain=8/bytes=264/nulls=true,3328,456104,0,0
group_extrema/restore_rebuilt/16384/domain=8/bytes=8/nulls=false,3326,95220,0,0
group_extrema/restore_rebuilt/16384/domain=8/bytes=8/nulls=true,3328,92072,0,0
group_extrema/retract_all/1024/domain=1024/bytes=264/nulls=false,62822,15785837,0,308142
group_extrema/retract_all/1024/domain=1024/bytes=264/nulls=true,60306,13841276,0,280236
group_extrema/retract_all/1024/domain=1024/bytes=8/nulls=false,62817,6378349,0,45998
group_extrema/retract_all/1024/domain=1024/bytes=8/nulls=true,60301,5883004,0,42156
group_extrema/retract_all/1024/domain=8/bytes=264/nulls=false,71848,8747671,0,2396
group_extrema/retract_all/1024/domain=8/bytes=264/nulls=true,66560,7339367,0,2431
group_extrema/retract_all/1024/domain=8/bytes=8/nulls=false,71845,4217943,0,348
group_extrema/retract_all/1024/domain=8/bytes=8/nulls=true,66557,3884327,0,383
group_extrema/retract_all/16/domain=16/bytes=264/nulls=false,1194,247589,0,4794
group_extrema/retract_all/16/domain=16/bytes=264/nulls=true,1017,202129,0,4230
group_extrema/retract_all/16/domain=16/bytes=8/nulls=false,1191,105957,0,698
group_extrema/retract_all/16/domain=16/bytes=8/nulls=true,1014,90705,0,646
group_extrema/retract_all/16/domain=8/bytes=264/nulls=false,1152,192821,0,2396
group_extrema/retract_all/16/domain=8/bytes=264/nulls=true,910,156843,0,2431
group_extrema/retract_all/16/domain=8/bytes=8/nulls=false,1149,82677,0,348
group_extrema/retract_all/16/domain=8/bytes=8/nulls=true,907,74091,0,383
group_extrema/retract_all/16384/domain=16384/bytes=264/nulls=false,999870,256260333,0,4953246
group_extrema/retract_all/16384/domain=16384/bytes=264/nulls=true,839399,218098581,0,4508403
group_extrema/retract_all/16384/domain=16384/bytes=8/nulls=false,999866,106310893,0,758942
group_extrema/retract_all/16384/domain=16384/bytes=8/nulls=true,839395,91577237,0,695539
group_extrema/retract_all/16384/domain=8/bytes=264/nulls=false,203648,55178887,0,2396
group_extrema/retract_all/16384/domain=8/bytes=264/nulls=true,184632,42373123,0,2431
group_extrema/retract_all/16384/domain=8/bytes=8/nulls=false,203645,11114567,0,348
group_extrema/retract_all/16384/domain=8/bytes=8/nulls=true,184629,9881795,0,383
group_extrema/retract_half/1024/domain=1024/bytes=264/nulls=false,31564,7892597,0,154006
group_extrema/retract_half/1024/domain=1024/bytes=264/nulls=true,26636,6535090,0,140105
group_extrema/retract_half/1024/domain=1024/bytes=8/nulls=false,31559,3189365,0,22934
group_extrema/retract_half/1024/domain=1024/bytes=8/nulls=true,26632,2792626,0,21065
group_extrema/retract_half/1024/domain=8/bytes=264/nulls=false,9067,3944197,0,4788
group_extrema/retract_half/1024/domain=8/bytes=264/nulls=true,7314,2910856,0,4855
group_extrema/retract_half/1024/domain=8/bytes=8/nulls=false,9064,1292741,0,692
group_extrema/retract_half/1024/domain=8/bytes=8/nulls=true,7311,1037896,0,759
group_extrema/retract_half/16/domain=16/bytes=264/nulls=false,683,127365,0,2396
group_extrema/retract_half/16/domain=16/bytes=264/nulls=true,595,106247,0,2161
group_extrema/retract_half/16/domain=16/bytes=8/nulls=false,680,56133,0,348
group_extrema/retract_half/16/domain=16/bytes=8/nulls=true,592,52679,0,369
group_extrema/retract_half/16/domain=8/bytes=264/nulls=false,733,148089,0,4788
group_extrema/retract_half/16/domain=8/bytes=264/nulls=true,615,115737,0,3955
group_extrema/retract_half/16/domain=8/bytes=8/nulls=false,730,76089,0,692
group_extrema/retract_half/16/domain=8/bytes=8/nulls=true,612,61145,0,627
group_extrema/retract_half/16384/domain=16384/bytes=264/nulls=false,500136,128007349,0,2472878
group_extrema/retract_half/16384/domain=16384/bytes=264/nulls=true,416236,108655867,0,2250844
group_extrema/retract_half/16384/domain=16384/bytes=8/nulls=false,500132,53031093,0,375726
group_extrema/retract_half/16384/domain=16384/bytes=8/nulls=true,416232,45366267,0,344412
group_extrema/retract_half/16384/domain=8/bytes=264/nulls=false,72814,28215849,0,4788
group_extrema/retract_half/16384/domain=8/bytes=264/nulls=true,60513,21468954,0,4855
group_extrema/retract_half/16384/domain=8/bytes=8/nulls=false,72811,5153001,0,692
group_extrema/retract_half/16384/domain=8/bytes=8/nulls=true,60510,4385242,0,759
