case,mean_ns,lower_ns,upper_ns,confidence_level
engine/rocksdb/updating_join/updating_join/checkpoint/16384/domain=1/bytes=264/nulls=true/mini_batch=false,42957411.99,41043387.50825,45171589.38375,0.95
engine/rocksdb/updating_join/updating_join/checkpoint/16384/domain=1/bytes=264/nulls=true/mini_batch=true,7080173.950000002,6942390.903083333,7224791.748166666,0.95
engine/rocksdb/updating_join/updating_join/checkpoint/16384/domain=16384/bytes=264/nulls=true/mini_batch=false,33347951.28,27035900.24575,41760681.24425,0.95
engine/rocksdb/updating_join/updating_join/checkpoint/16384/domain=16384/bytes=264/nulls=true/mini_batch=true,17266170.07,15235510.27725,19617744.705,0.95
engine/rocksdb/updating_join/updating_join/checkpoint/16384/domain=8/bytes=264/nulls=true/mini_batch=false,8347905.59,7966710.724,8833878.056,0.95
engine/rocksdb/updating_join/updating_join/checkpoint/16384/domain=8/bytes=264/nulls=true/mini_batch=true,7537782.625,7402521.2095,7679910.0770000005,0.95
engine/rocksdb/updating_join/updating_join/push_right/16384/domain=1/bytes=264/nulls=true/mini_batch=false,8825797.51,8765451.945625,8890233.98475,0.95
engine/rocksdb/updating_join/updating_join/push_right/16384/domain=1/bytes=264/nulls=true/mini_batch=true,1418375.93,1300001.02125,1548631.3889999997,0.95
engine/rocksdb/updating_join/updating_join/push_right/16384/domain=16384/bytes=264/nulls=true/mini_batch=false,169346509.11,152472569.103,187652516.396,0.95
engine/rocksdb/updating_join/updating_join/push_right/16384/domain=16384/bytes=264/nulls=true/mini_batch=true,57631029.72,57008380.387,58308036.574499995,0.95
engine/rocksdb/updating_join/updating_join/push_right/16384/domain=8/bytes=264/nulls=true/mini_batch=false,26149483.24,25736273.63175,26575256.7755,0.95
engine/rocksdb/updating_join/updating_join/push_right/16384/domain=8/bytes=264/nulls=true/mini_batch=true,3463867.5100000007,3404609.512750001,3521626.034833334,0.95
engine/rocksdb/updating_join/updating_join/restore_aligned/16384/domain=1/bytes=264/nulls=true/mini_batch=false,47142904.33,45547818.433625,48963627.9105,0.95
engine/rocksdb/updating_join/updating_join/restore_aligned/16384/domain=1/bytes=264/nulls=true/mini_batch=true,44018939.86,41926054.472875,46523277.56,0.95
engine/rocksdb/updating_join/updating_join/restore_aligned/16384/domain=16384/bytes=264/nulls=true/mini_batch=false,14187570.005,14001699.4905625,14431476.8763125,0.95
engine/rocksdb/updating_join/updating_join/restore_aligned/16384/domain=16384/bytes=264/nulls=true/mini_batch=true,12388643.26,12221097.13925,12617604.701625,0.95
engine/rocksdb/updating_join/updating_join/restore_aligned/16384/domain=8/bytes=264/nulls=true/mini_batch=false,9444853.255,9269023.512083335,9650794.122999998,0.95
engine/rocksdb/updating_join/updating_join/restore_aligned/16384/domain=8/bytes=264/nulls=true/mini_batch=true,18251058.069999993,17938775.19054999,18585516.588999987,0.95
engine/rocksdb/updating_join/updating_join/restore_rebuilt/16384/domain=1/bytes=264/nulls=true/mini_batch=false,94896633.55,91309559.0005,98904783.96124999,0.95
engine/rocksdb/updating_join/updating_join/restore_rebuilt/16384/domain=1/bytes=264/nulls=true/mini_batch=true,75396104.47,71244049.507,80093029.66600001,0.95
engine/rocksdb/updating_join/updating_join/restore_rebuilt/16384/domain=16384/bytes=264/nulls=true/mini_batch=false,65181503.48,61506486.221,69872267.96949999,0.95
engine/rocksdb/updating_join/updating_join/restore_rebuilt/16384/domain=16384/bytes=264/nulls=true/mini_batch=true,44020459.25,40993495.66225,47715052.491,0.95
engine/rocksdb/updating_join/updating_join/restore_rebuilt/16384/domain=8/bytes=264/nulls=true/mini_batch=false,43022377.52,37040023.76675,49182379.49299999,0.95
engine/rocksdb/updating_join/updating_join/restore_rebuilt/16384/domain=8/bytes=264/nulls=true/mini_batch=true,13053738.54,12851341.731625,13285161.333625,0.95
engine/rocksdb/updating_join/updating_join/retract_right/16384/domain=1/bytes=264/nulls=true/mini_batch=false,10945910.68,10858882.56975,11039779.647,0.95
engine/rocksdb/updating_join/updating_join/retract_right/16384/domain=1/bytes=264/nulls=true/mini_batch=true,1006591.8366666669,1001157.1137499997,1012296.5508333335,0.95
engine/rocksdb/updating_join/updating_join/retract_right/16384/domain=16384/bytes=264/nulls=true/mini_batch=false,5698637038.7,5679414667.399,5720787199.896251,0.95
engine/rocksdb/updating_join/updating_join/retract_right/16384/domain=16384/bytes=264/nulls=true/mini_batch=true,62075303.49,61628268.9815,62531838.78675,0.95
engine/rocksdb/updating_join/updating_join/retract_right/16384/domain=8/bytes=264/nulls=true/mini_batch=false,31302895.67,31067323.759999998,31549201.1715,0.95
engine/rocksdb/updating_join/updating_join/retract_right/16384/domain=8/bytes=264/nulls=true/mini_batch=true,3423872.13,3354475.8055000002,3497539.9535,0.95
