workload,payload_width_bytes,policy,phase,run,seconds,input_rows,seed_keys,opposite_rows_per_key,output_rows,checksum,native_pool_mib,rocksdb_block_cache_mib,rocksdb_write_buffer_mib,rocksdb_write_buffer_count,compression,native_build
unique,0,bucket,warmup,1,0.074123,32768,32768,1,32768,536887296,64,8,16,2,none,release
unique,0,record_uncached,warmup,1,0.157155,32768,32768,1,32768,536887296,64,8,16,2,none,release
unique,0,record_8m,warmup,1,0.156547,32768,32768,1,32768,536887296,64,8,16,2,none,release
unique,0,record_64m,warmup,1,0.153503,32768,32768,1,32768,536887296,64,8,16,2,none,release
unique,0,record_uncached,measured,2,0.155059,32768,32768,1,32768,536887296,64,8,16,2,none,release
unique,0,record_8m,measured,2,0.165849,32768,32768,1,32768,536887296,64,8,16,2,none,release
unique,0,record_64m,measured,2,0.157655,32768,32768,1,32768,536887296,64,8,16,2,none,release
unique,0,bucket,measured,2,0.078556,32768,32768,1,32768,536887296,64,8,16,2,none,release
unique,0,record_8m,measured,3,0.158491,32768,32768,1,32768,536887296,64,8,16,2,none,release
unique,0,record_64m,measured,3,0.149414,32768,32768,1,32768,536887296,64,8,16,2,none,release
unique,0,bucket,measured,3,0.073990,32768,32768,1,32768,536887296,64,8,16,2,none,release
unique,0,record_uncached,measured,3,0.153393,32768,32768,1,32768,536887296,64,8,16,2,none,release
unique,0,record_64m,measured,4,0.163883,32768,32768,1,32768,536887296,64,8,16,2,none,release
unique,0,bucket,measured,4,0.077105,32768,32768,1,32768,536887296,64,8,16,2,none,release
unique,0,record_uncached,measured,4,0.148098,32768,32768,1,32768,536887296,64,8,16,2,none,release
unique,0,record_8m,measured,4,0.153235,32768,32768,1,32768,536887296,64,8,16,2,none,release
unique,0,bucket,measured,5,0.075454,32768,32768,1,32768,536887296,64,8,16,2,none,release
unique,0,record_uncached,measured,5,0.149540,32768,32768,1,32768,536887296,64,8,16,2,none,release
unique,0,record_8m,measured,5,0.167374,32768,32768,1,32768,536887296,64,8,16,2,none,release
unique,0,record_64m,measured,5,0.154840,32768,32768,1,32768,536887296,64,8,16,2,none,release
unique,0,record_uncached,measured,6,0.162315,32768,32768,1,32768,536887296,64,8,16,2,none,release
unique,0,record_8m,measured,6,0.157707,32768,32768,1,32768,536887296,64,8,16,2,none,release
unique,0,record_64m,measured,6,0.148609,32768,32768,1,32768,536887296,64,8,16,2,none,release
unique,0,bucket,measured,6,0.074709,32768,32768,1,32768,536887296,64,8,16,2,none,release
repeated,0,bucket,warmup,1,0.083670,32768,64,32,1048576,17229152256,64,8,16,2,none,release
repeated,0,record_uncached,warmup,1,0.184371,32768,64,32,1048576,17229152256,64,8,16,2,none,release
repeated,0,record_8m,warmup,1,0.090164,32768,64,32,1048576,17229152256,64,8,16,2,none,release
repeated,0,record_64m,warmup,1,0.088339,32768,64,32,1048576,17229152256,64,8,16,2,none,release
repeated,0,record_uncached,measured,2,0.185064,32768,64,32,1048576,17229152256,64,8,16,2,none,release
repeated,0,record_8m,measured,2,0.090141,32768,64,32,1048576,17229152256,64,8,16,2,none,release
repeated,0,record_64m,measured,2,0.089664,32768,64,32,1048576,17229152256,64,8,16,2,none,release
repeated,0,bucket,measured,2,0.078832,32768,64,32,1048576,17229152256,64,8,16,2,none,release
repeated,0,record_8m,measured,3,0.087670,32768,64,32,1048576,17229152256,64,8,16,2,none,release
repeated,0,record_64m,measured,3,0.088016,32768,64,32,1048576,17229152256,64,8,16,2,none,release
repeated,0,bucket,measured,3,0.080001,32768,64,32,1048576,17229152256,64,8,16,2,none,release
repeated,0,record_uncached,measured,3,0.186407,32768,64,32,1048576,17229152256,64,8,16,2,none,release
repeated,0,record_64m,measured,4,0.089836,32768,64,32,1048576,17229152256,64,8,16,2,none,release
repeated,0,bucket,measured,4,0.075200,32768,64,32,1048576,17229152256,64,8,16,2,none,release
repeated,0,record_uncached,measured,4,0.180723,32768,64,32,1048576,17229152256,64,8,16,2,none,release
repeated,0,record_8m,measured,4,0.086871,32768,64,32,1048576,17229152256,64,8,16,2,none,release
repeated,0,bucket,measured,5,0.078019,32768,64,32,1048576,17229152256,64,8,16,2,none,release
repeated,0,record_uncached,measured,5,0.187388,32768,64,32,1048576,17229152256,64,8,16,2,none,release
repeated,0,record_8m,measured,5,0.089565,32768,64,32,1048576,17229152256,64,8,16,2,none,release
repeated,0,record_64m,measured,5,0.086549,32768,64,32,1048576,17229152256,64,8,16,2,none,release
repeated,0,record_uncached,measured,6,0.191340,32768,64,32,1048576,17229152256,64,8,16,2,none,release
repeated,0,record_8m,measured,6,0.087533,32768,64,32,1048576,17229152256,64,8,16,2,none,release
repeated,0,record_64m,measured,6,0.086241,32768,64,32,1048576,17229152256,64,8,16,2,none,release
repeated,0,bucket,measured,6,0.078090,32768,64,32,1048576,17229152256,64,8,16,2,none,release
skewed,0,bucket,warmup,1,0.058176,32768,1024,8,262144,4297850880,64,8,16,2,none,release
skewed,0,record_uncached,warmup,1,0.096561,32768,1024,8,262144,4297850880,64,8,16,2,none,release
skewed,0,record_8m,warmup,1,0.059347,32768,1024,8,262144,4297850880,64,8,16,2,none,release
skewed,0,record_64m,warmup,1,0.059027,32768,1024,8,262144,4297850880,64,8,16,2,none,release
skewed,0,record_uncached,measured,2,0.094194,32768,1024,8,262144,4297850880,64,8,16,2,none,release
skewed,0,record_8m,measured,2,0.063365,32768,1024,8,262144,4297850880,64,8,16,2,none,release
skewed,0,record_64m,measured,2,0.062626,32768,1024,8,262144,4297850880,64,8,16,2,none,release
skewed,0,bucket,measured,2,0.055830,32768,1024,8,262144,4297850880,64,8,16,2,none,release
skewed,0,record_8m,measured,3,0.061986,32768,1024,8,262144,4297850880,64,8,16,2,none,release
skewed,0,record_64m,measured,3,0.061356,32768,1024,8,262144,4297850880,64,8,16,2,none,release
skewed,0,bucket,measured,3,0.054836,32768,1024,8,262144,4297850880,64,8,16,2,none,release
skewed,0,record_uncached,measured,3,0.104890,32768,1024,8,262144,4297850880,64,8,16,2,none,release
skewed,0,record_64m,measured,4,0.061208,32768,1024,8,262144,4297850880,64,8,16,2,none,release
skewed,0,bucket,measured,4,0.056310,32768,1024,8,262144,4297850880,64,8,16,2,none,release
skewed,0,record_uncached,measured,4,0.095990,32768,1024,8,262144,4297850880,64,8,16,2,none,release
skewed,0,record_8m,measured,4,0.061650,32768,1024,8,262144,4297850880,64,8,16,2,none,release
skewed,0,bucket,measured,5,0.061282,32768,1024,8,262144,4297850880,64,8,16,2,none,release
skewed,0,record_uncached,measured,5,0.094176,32768,1024,8,262144,4297850880,64,8,16,2,none,release
skewed,0,record_8m,measured,5,0.062134,32768,1024,8,262144,4297850880,64,8,16,2,none,release
skewed,0,record_64m,measured,5,0.061006,32768,1024,8,262144,4297850880,64,8,16,2,none,release
skewed,0,record_uncached,measured,6,0.094115,32768,1024,8,262144,4297850880,64,8,16,2,none,release
skewed,0,record_8m,measured,6,0.060104,32768,1024,8,262144,4297850880,64,8,16,2,none,release
skewed,0,record_64m,measured,6,0.058380,32768,1024,8,262144,4297850880,64,8,16,2,none,release
skewed,0,bucket,measured,6,0.059794,32768,1024,8,262144,4297850880,64,8,16,2,none,release
large_group,0,bucket,warmup,1,0.122891,64,1,50000,3200000,240099200000,64,8,16,2,none,release
large_group,0,record_uncached,warmup,1,0.363164,64,1,50000,3200000,240099200000,64,8,16,2,none,release
large_group,0,record_8m,warmup,1,0.394097,64,1,50000,3200000,240099200000,64,8,16,2,none,release
large_group,0,record_64m,warmup,1,0.134299,64,1,50000,3200000,240099200000,64,8,16,2,none,release
large_group,0,record_uncached,measured,2,0.372811,64,1,50000,3200000,240099200000,64,8,16,2,none,release
large_group,0,record_8m,measured,2,0.361903,64,1,50000,3200000,240099200000,64,8,16,2,none,release
large_group,0,record_64m,measured,2,0.128222,64,1,50000,3200000,240099200000,64,8,16,2,none,release
large_group,0,bucket,measured,2,0.125580,64,1,50000,3200000,240099200000,64,8,16,2,none,release
large_group,0,record_8m,measured,3,0.366256,64,1,50000,3200000,240099200000,64,8,16,2,none,release
large_group,0,record_64m,measured,3,0.127671,64,1,50000,3200000,240099200000,64,8,16,2,none,release
large_group,0,bucket,measured,3,0.127549,64,1,50000,3200000,240099200000,64,8,16,2,none,release
large_group,0,record_uncached,measured,3,0.362214,64,1,50000,3200000,240099200000,64,8,16,2,none,release
large_group,0,record_64m,measured,4,0.127495,64,1,50000,3200000,240099200000,64,8,16,2,none,release
large_group,0,bucket,measured,4,0.124862,64,1,50000,3200000,240099200000,64,8,16,2,none,release
large_group,0,record_uncached,measured,4,0.355417,64,1,50000,3200000,240099200000,64,8,16,2,none,release
large_group,0,record_8m,measured,4,0.359304,64,1,50000,3200000,240099200000,64,8,16,2,none,release
large_group,0,bucket,measured,5,0.127088,64,1,50000,3200000,240099200000,64,8,16,2,none,release
large_group,0,record_uncached,measured,5,0.363168,64,1,50000,3200000,240099200000,64,8,16,2,none,release
large_group,0,record_8m,measured,5,0.363484,64,1,50000,3200000,240099200000,64,8,16,2,none,release
large_group,0,record_64m,measured,5,0.127603,64,1,50000,3200000,240099200000,64,8,16,2,none,release
large_group,0,record_uncached,measured,6,0.352192,64,1,50000,3200000,240099200000,64,8,16,2,none,release
large_group,0,record_8m,measured,6,0.366617,64,1,50000,3200000,240099200000,64,8,16,2,none,release
large_group,0,record_64m,measured,6,0.128888,64,1,50000,3200000,240099200000,64,8,16,2,none,release
large_group,0,bucket,measured,6,0.125022,64,1,50000,3200000,240099200000,64,8,16,2,none,release
unique,256,bucket,warmup,1,0.087674,32768,32768,1,32768,536887296,64,8,16,2,none,release
unique,256,record_uncached,warmup,1,0.181621,32768,32768,1,32768,536887296,64,8,16,2,none,release
unique,256,record_8m,warmup,1,0.184299,32768,32768,1,32768,536887296,64,8,16,2,none,release
unique,256,record_64m,warmup,1,0.178452,32768,32768,1,32768,536887296,64,8,16,2,none,release
unique,256,record_uncached,measured,2,0.180997,32768,32768,1,32768,536887296,64,8,16,2,none,release
unique,256,record_8m,measured,2,0.182006,32768,32768,1,32768,536887296,64,8,16,2,none,release
unique,256,record_64m,measured,2,0.185103,32768,32768,1,32768,536887296,64,8,16,2,none,release
unique,256,bucket,measured,2,0.086352,32768,32768,1,32768,536887296,64,8,16,2,none,release
unique,256,record_8m,measured,3,0.184458,32768,32768,1,32768,536887296,64,8,16,2,none,release
unique,256,record_64m,measured,3,0.181594,32768,32768,1,32768,536887296,64,8,16,2,none,release
unique,256,bucket,measured,3,0.087857,32768,32768,1,32768,536887296,64,8,16,2,none,release
unique,256,record_uncached,measured,3,0.184543,32768,32768,1,32768,536887296,64,8,16,2,none,release
unique,256,record_64m,measured,4,0.207702,32768,32768,1,32768,536887296,64,8,16,2,none,release
unique,256,bucket,measured,4,0.091713,32768,32768,1,32768,536887296,64,8,16,2,none,release
unique,256,record_uncached,measured,4,0.197806,32768,32768,1,32768,536887296,64,8,16,2,none,release
unique,256,record_8m,measured,4,0.190062,32768,32768,1,32768,536887296,64,8,16,2,none,release
unique,256,bucket,measured,5,0.097071,32768,32768,1,32768,536887296,64,8,16,2,none,release
unique,256,record_uncached,measured,5,0.194505,32768,32768,1,32768,536887296,64,8,16,2,none,release
unique,256,record_8m,measured,5,0.184640,32768,32768,1,32768,536887296,64,8,16,2,none,release
unique,256,record_64m,measured,5,0.192391,32768,32768,1,32768,536887296,64,8,16,2,none,release
unique,256,record_uncached,measured,6,0.187302,32768,32768,1,32768,536887296,64,8,16,2,none,release
unique,256,record_8m,measured,6,0.192838,32768,32768,1,32768,536887296,64,8,16,2,none,release
unique,256,record_64m,measured,6,0.193729,32768,32768,1,32768,536887296,64,8,16,2,none,release
unique,256,bucket,measured,6,0.090025,32768,32768,1,32768,536887296,64,8,16,2,none,release
repeated,256,bucket,warmup,1,0.255209,32768,64,32,1048576,17229152256,64,8,16,2,none,release
repeated,256,record_uncached,warmup,1,0.294225,32768,64,32,1048576,17229152256,64,8,16,2,none,release
repeated,256,record_8m,warmup,1,0.156340,32768,64,32,1048576,17229152256,64,8,16,2,none,release
repeated,256,record_64m,warmup,1,0.158364,32768,64,32,1048576,17229152256,64,8,16,2,none,release
repeated,256,record_uncached,measured,2,0.292450,32768,64,32,1048576,17229152256,64,8,16,2,none,release
repeated,256,record_8m,measured,2,0.170185,32768,64,32,1048576,17229152256,64,8,16,2,none,release
repeated,256,record_64m,measured,2,0.166333,32768,64,32,1048576,17229152256,64,8,16,2,none,release
repeated,256,bucket,measured,2,0.283259,32768,64,32,1048576,17229152256,64,8,16,2,none,release
repeated,256,record_8m,measured,3,0.160780,32768,64,32,1048576,17229152256,64,8,16,2,none,release
repeated,256,record_64m,measured,3,0.156789,32768,64,32,1048576,17229152256,64,8,16,2,none,release
repeated,256,bucket,measured,3,0.258804,32768,64,32,1048576,17229152256,64,8,16,2,none,release
repeated,256,record_uncached,measured,3,0.286941,32768,64,32,1048576,17229152256,64,8,16,2,none,release
repeated,256,record_64m,measured,4,0.159581,32768,64,32,1048576,17229152256,64,8,16,2,none,release
repeated,256,bucket,measured,4,0.265465,32768,64,32,1048576,17229152256,64,8,16,2,none,release
repeated,256,record_uncached,measured,4,0.278345,32768,64,32,1048576,17229152256,64,8,16,2,none,release
repeated,256,record_8m,measured,4,0.159534,32768,64,32,1048576,17229152256,64,8,16,2,none,release
repeated,256,bucket,measured,5,0.263301,32768,64,32,1048576,17229152256,64,8,16,2,none,release
repeated,256,record_uncached,measured,5,0.287945,32768,64,32,1048576,17229152256,64,8,16,2,none,release
repeated,256,record_8m,measured,5,0.157908,32768,64,32,1048576,17229152256,64,8,16,2,none,release
repeated,256,record_64m,measured,5,0.155018,32768,64,32,1048576,17229152256,64,8,16,2,none,release
repeated,256,record_uncached,measured,6,0.286928,32768,64,32,1048576,17229152256,64,8,16,2,none,release
repeated,256,record_8m,measured,6,0.158036,32768,64,32,1048576,17229152256,64,8,16,2,none,release
repeated,256,record_64m,measured,6,0.164046,32768,64,32,1048576,17229152256,64,8,16,2,none,release
repeated,256,bucket,measured,6,0.268263,32768,64,32,1048576,17229152256,64,8,16,2,none,release
skewed,256,bucket,warmup,1,0.227706,32768,1024,8,262144,4297850880,64,8,16,2,none,release
skewed,256,record_uncached,warmup,1,0.137813,32768,1024,8,262144,4297850880,64,8,16,2,none,release
skewed,256,record_8m,warmup,1,0.098643,32768,1024,8,262144,4297850880,64,8,16,2,none,release
skewed,256,record_64m,warmup,1,0.099716,32768,1024,8,262144,4297850880,64,8,16,2,none,release
skewed,256,record_uncached,measured,2,0.145902,32768,1024,8,262144,4297850880,64,8,16,2,none,release
skewed,256,record_8m,measured,2,0.096983,32768,1024,8,262144,4297850880,64,8,16,2,none,release
skewed,256,record_64m,measured,2,0.088616,32768,1024,8,262144,4297850880,64,8,16,2,none,release
skewed,256,bucket,measured,2,1.894829,32768,1024,8,262144,4297850880,64,8,16,2,none,release
skewed,256,record_8m,measured,3,0.103399,32768,1024,8,262144,4297850880,64,8,16,2,none,release
skewed,256,record_64m,measured,3,0.095188,32768,1024,8,262144,4297850880,64,8,16,2,none,release
skewed,256,bucket,measured,3,1.892543,32768,1024,8,262144,4297850880,64,8,16,2,none,release
skewed,256,record_uncached,measured,3,0.151522,32768,1024,8,262144,4297850880,64,8,16,2,none,release
skewed,256,record_64m,measured,4,0.098646,32768,1024,8,262144,4297850880,64,8,16,2,none,release
skewed,256,bucket,measured,4,2.136959,32768,1024,8,262144,4297850880,64,8,16,2,none,release
skewed,256,record_uncached,measured,4,0.146900,32768,1024,8,262144,4297850880,64,8,16,2,none,release
skewed,256,record_8m,measured,4,0.099593,32768,1024,8,262144,4297850880,64,8,16,2,none,release
skewed,256,bucket,measured,5,2.097558,32768,1024,8,262144,4297850880,64,8,16,2,none,release
skewed,256,record_uncached,measured,5,0.141699,32768,1024,8,262144,4297850880,64,8,16,2,none,release
skewed,256,record_8m,measured,5,0.097228,32768,1024,8,262144,4297850880,64,8,16,2,none,release
skewed,256,record_64m,measured,5,0.098918,32768,1024,8,262144,4297850880,64,8,16,2,none,release
skewed,256,record_uncached,measured,6,0.141310,32768,1024,8,262144,4297850880,64,8,16,2,none,release
skewed,256,record_8m,measured,6,0.092979,32768,1024,8,262144,4297850880,64,8,16,2,none,release
skewed,256,record_64m,measured,6,0.093087,32768,1024,8,262144,4297850880,64,8,16,2,none,release
skewed,256,bucket,measured,6,2.797422,32768,1024,8,262144,4297850880,64,8,16,2,none,release
large_group,256,bucket,warmup,1,0.695935,64,1,50000,3200000,240099200000,64,8,16,2,none,release
large_group,256,record_uncached,warmup,1,0.721075,64,1,50000,3200000,240099200000,64,8,16,2,none,release
large_group,256,record_8m,warmup,1,0.800589,64,1,50000,3200000,240099200000,64,8,16,2,none,release
large_group,256,record_64m,warmup,1,0.531904,64,1,50000,3200000,240099200000,64,8,16,2,none,release
large_group,256,record_uncached,measured,2,0.948270,64,1,50000,3200000,240099200000,64,8,16,2,none,release
large_group,256,record_8m,measured,2,0.965487,64,1,50000,3200000,240099200000,64,8,16,2,none,release
large_group,256,record_64m,measured,2,0.462041,64,1,50000,3200000,240099200000,64,8,16,2,none,release
large_group,256,bucket,measured,2,0.447171,64,1,50000,3200000,240099200000,64,8,16,2,none,release
large_group,256,record_8m,measured,3,0.959666,64,1,50000,3200000,240099200000,64,8,16,2,none,release
large_group,256,record_64m,measured,3,0.458979,64,1,50000,3200000,240099200000,64,8,16,2,none,release
large_group,256,bucket,measured,3,0.449135,64,1,50000,3200000,240099200000,64,8,16,2,none,release
large_group,256,record_uncached,measured,3,0.946475,64,1,50000,3200000,240099200000,64,8,16,2,none,release
large_group,256,record_64m,measured,4,0.450238,64,1,50000,3200000,240099200000,64,8,16,2,none,release
large_group,256,bucket,measured,4,0.471803,64,1,50000,3200000,240099200000,64,8,16,2,none,release
large_group,256,record_uncached,measured,4,0.929116,64,1,50000,3200000,240099200000,64,8,16,2,none,release
large_group,256,record_8m,measured,4,0.940382,64,1,50000,3200000,240099200000,64,8,16,2,none,release
large_group,256,bucket,measured,5,0.454086,64,1,50000,3200000,240099200000,64,8,16,2,none,release
large_group,256,record_uncached,measured,5,0.944103,64,1,50000,3200000,240099200000,64,8,16,2,none,release
large_group,256,record_8m,measured,5,0.947473,64,1,50000,3200000,240099200000,64,8,16,2,none,release
large_group,256,record_64m,measured,5,0.455712,64,1,50000,3200000,240099200000,64,8,16,2,none,release
large_group,256,record_uncached,measured,6,0.950804,64,1,50000,3200000,240099200000,64,8,16,2,none,release
large_group,256,record_8m,measured,6,0.944728,64,1,50000,3200000,240099200000,64,8,16,2,none,release
large_group,256,record_64m,measured,6,0.442487,64,1,50000,3200000,240099200000,64,8,16,2,none,release
large_group,256,bucket,measured,6,0.450032,64,1,50000,3200000,240099200000,64,8,16,2,none,release
