implementation,function,input,output_type,payload_bytes,json_fields,unicode,null_every,rows,engine,trial,seconds
previous-exit,BASELINE_text,text,STRING,264,0,false,0,2000000,flink,0,0.865384
previous-exit,BASELINE_text,text,STRING,264,0,false,0,2000000,native,0,1.017464
previous-exit,BASELINE_text,text,STRING,264,0,false,0,2000000,native,1,1.002683
previous-exit,BASELINE_text,text,STRING,264,0,false,0,2000000,flink,1,0.869305
previous-exit,BASELINE_text,text,STRING,264,0,false,0,2000000,flink,2,0.865941
previous-exit,BASELINE_text,text,STRING,264,0,false,0,2000000,native,2,1.000969
previous-exit,BASELINE_text,text,STRING,264,0,false,0,2000000,native,3,0.990845
previous-exit,BASELINE_text,text,STRING,264,0,false,0,2000000,flink,3,0.863133
previous-exit,BASELINE_text,text,STRING,264,0,false,0,2000000,flink,4,0.860291
previous-exit,BASELINE_text,text,STRING,264,0,false,0,2000000,native,4,0.994575
previous-exit,BASELINE_tt_fixed_bytes,tt_fixed_bytes,BINARY(16),264,0,false,0,2000000,flink,0,0.313742
previous-exit,BASELINE_tt_fixed_bytes,tt_fixed_bytes,BINARY(16),264,0,false,0,2000000,native,0,0.410035
previous-exit,BASELINE_tt_fixed_bytes,tt_fixed_bytes,BINARY(16),264,0,false,0,2000000,native,1,0.411602
previous-exit,BASELINE_tt_fixed_bytes,tt_fixed_bytes,BINARY(16),264,0,false,0,2000000,flink,1,0.303347
previous-exit,BASELINE_tt_fixed_bytes,tt_fixed_bytes,BINARY(16),264,0,false,0,2000000,flink,2,0.313752
previous-exit,BASELINE_tt_fixed_bytes,tt_fixed_bytes,BINARY(16),264,0,false,0,2000000,native,2,0.404851
previous-exit,BASELINE_tt_fixed_bytes,tt_fixed_bytes,BINARY(16),264,0,false,0,2000000,native,3,0.405428
previous-exit,BASELINE_tt_fixed_bytes,tt_fixed_bytes,BINARY(16),264,0,false,0,2000000,flink,3,0.315745
previous-exit,BASELINE_tt_fixed_bytes,tt_fixed_bytes,BINARY(16),264,0,false,0,2000000,flink,4,0.303263
previous-exit,BASELINE_tt_fixed_bytes,tt_fixed_bytes,BINARY(16),264,0,false,0,2000000,native,4,0.407629
previous-exit,TRY_STRING_TO_FIXED_BINARY,text,BINARY(16),264,0,false,0,2000000,flink,0,0.870340
previous-exit,TRY_STRING_TO_FIXED_BINARY,text,BINARY(16),264,0,false,0,2000000,native,0,0.968112
previous-exit,TRY_STRING_TO_FIXED_BINARY,text,BINARY(16),264,0,false,0,2000000,native,1,0.954104
previous-exit,TRY_STRING_TO_FIXED_BINARY,text,BINARY(16),264,0,false,0,2000000,flink,1,0.869049
previous-exit,TRY_STRING_TO_FIXED_BINARY,text,BINARY(16),264,0,false,0,2000000,flink,2,0.874003
previous-exit,TRY_STRING_TO_FIXED_BINARY,text,BINARY(16),264,0,false,0,2000000,native,2,0.969607
previous-exit,TRY_STRING_TO_FIXED_BINARY,text,BINARY(16),264,0,false,0,2000000,native,3,0.954038
previous-exit,TRY_STRING_TO_FIXED_BINARY,text,BINARY(16),264,0,false,0,2000000,flink,3,0.859671
previous-exit,TRY_STRING_TO_FIXED_BINARY,text,BINARY(16),264,0,false,0,2000000,flink,4,0.847207
previous-exit,TRY_STRING_TO_FIXED_BINARY,text,BINARY(16),264,0,false,0,2000000,native,4,0.959845
previous-exit,ELT_FIXED_BINARY,tt_fixed_bytes,BINARY(16),264,0,false,0,2000000,flink,0,0.310687
previous-exit,ELT_FIXED_BINARY,tt_fixed_bytes,BINARY(16),264,0,false,0,2000000,native,0,0.446537
previous-exit,ELT_FIXED_BINARY,tt_fixed_bytes,BINARY(16),264,0,false,0,2000000,native,1,0.434571
previous-exit,ELT_FIXED_BINARY,tt_fixed_bytes,BINARY(16),264,0,false,0,2000000,flink,1,0.312576
previous-exit,ELT_FIXED_BINARY,tt_fixed_bytes,BINARY(16),264,0,false,0,2000000,flink,2,0.309485
previous-exit,ELT_FIXED_BINARY,tt_fixed_bytes,BINARY(16),264,0,false,0,2000000,native,2,0.437128
previous-exit,ELT_FIXED_BINARY,tt_fixed_bytes,BINARY(16),264,0,false,0,2000000,native,3,0.437097
previous-exit,ELT_FIXED_BINARY,tt_fixed_bytes,BINARY(16),264,0,false,0,2000000,flink,3,0.313071
previous-exit,ELT_FIXED_BINARY,tt_fixed_bytes,BINARY(16),264,0,false,0,2000000,flink,4,0.329532
previous-exit,ELT_FIXED_BINARY,tt_fixed_bytes,BINARY(16),264,0,false,0,2000000,native,4,0.432183
generated-exit,BASELINE_text,text,STRING,264,0,false,0,2000000,flink,0,0.869473
generated-exit,BASELINE_text,text,STRING,264,0,false,0,2000000,native,0,0.998834
generated-exit,BASELINE_text,text,STRING,264,0,false,0,2000000,native,1,1.023955
generated-exit,BASELINE_text,text,STRING,264,0,false,0,2000000,flink,1,0.865227
generated-exit,BASELINE_text,text,STRING,264,0,false,0,2000000,flink,2,0.855434
generated-exit,BASELINE_text,text,STRING,264,0,false,0,2000000,native,2,0.977511
generated-exit,BASELINE_text,text,STRING,264,0,false,0,2000000,native,3,0.978593
generated-exit,BASELINE_text,text,STRING,264,0,false,0,2000000,flink,3,0.864548
generated-exit,BASELINE_text,text,STRING,264,0,false,0,2000000,flink,4,0.877669
generated-exit,BASELINE_text,text,STRING,264,0,false,0,2000000,native,4,0.984768
generated-exit,BASELINE_tt_fixed_bytes,tt_fixed_bytes,BINARY(16),264,0,false,0,2000000,flink,0,0.327517
generated-exit,BASELINE_tt_fixed_bytes,tt_fixed_bytes,BINARY(16),264,0,false,0,2000000,native,0,0.382037
generated-exit,BASELINE_tt_fixed_bytes,tt_fixed_bytes,BINARY(16),264,0,false,0,2000000,native,1,0.387442
generated-exit,BASELINE_tt_fixed_bytes,tt_fixed_bytes,BINARY(16),264,0,false,0,2000000,flink,1,0.317201
generated-exit,BASELINE_tt_fixed_bytes,tt_fixed_bytes,BINARY(16),264,0,false,0,2000000,flink,2,0.319509
generated-exit,BASELINE_tt_fixed_bytes,tt_fixed_bytes,BINARY(16),264,0,false,0,2000000,native,2,0.362629
generated-exit,BASELINE_tt_fixed_bytes,tt_fixed_bytes,BINARY(16),264,0,false,0,2000000,native,3,0.381317
generated-exit,BASELINE_tt_fixed_bytes,tt_fixed_bytes,BINARY(16),264,0,false,0,2000000,flink,3,0.307693
generated-exit,BASELINE_tt_fixed_bytes,tt_fixed_bytes,BINARY(16),264,0,false,0,2000000,flink,4,0.322317
generated-exit,BASELINE_tt_fixed_bytes,tt_fixed_bytes,BINARY(16),264,0,false,0,2000000,native,4,0.377875
generated-exit,TRY_STRING_TO_FIXED_BINARY,text,BINARY(16),264,0,false,0,2000000,flink,0,0.894032
generated-exit,TRY_STRING_TO_FIXED_BINARY,text,BINARY(16),264,0,false,0,2000000,native,0,0.941559
generated-exit,TRY_STRING_TO_FIXED_BINARY,text,BINARY(16),264,0,false,0,2000000,native,1,1.019392
generated-exit,TRY_STRING_TO_FIXED_BINARY,text,BINARY(16),264,0,false,0,2000000,flink,1,0.862977
generated-exit,TRY_STRING_TO_FIXED_BINARY,text,BINARY(16),264,0,false,0,2000000,flink,2,0.869233
generated-exit,TRY_STRING_TO_FIXED_BINARY,text,BINARY(16),264,0,false,0,2000000,native,2,0.939169
generated-exit,TRY_STRING_TO_FIXED_BINARY,text,BINARY(16),264,0,false,0,2000000,native,3,0.933661
generated-exit,TRY_STRING_TO_FIXED_BINARY,text,BINARY(16),264,0,false,0,2000000,flink,3,0.858212
generated-exit,TRY_STRING_TO_FIXED_BINARY,text,BINARY(16),264,0,false,0,2000000,flink,4,0.864275
generated-exit,TRY_STRING_TO_FIXED_BINARY,text,BINARY(16),264,0,false,0,2000000,native,4,0.924305
generated-exit,ELT_FIXED_BINARY,tt_fixed_bytes,BINARY(16),264,0,false,0,2000000,flink,0,0.304309
generated-exit,ELT_FIXED_BINARY,tt_fixed_bytes,BINARY(16),264,0,false,0,2000000,native,0,0.413109
generated-exit,ELT_FIXED_BINARY,tt_fixed_bytes,BINARY(16),264,0,false,0,2000000,native,1,0.413680
generated-exit,ELT_FIXED_BINARY,tt_fixed_bytes,BINARY(16),264,0,false,0,2000000,flink,1,0.311155
generated-exit,ELT_FIXED_BINARY,tt_fixed_bytes,BINARY(16),264,0,false,0,2000000,flink,2,0.301002
generated-exit,ELT_FIXED_BINARY,tt_fixed_bytes,BINARY(16),264,0,false,0,2000000,native,2,0.413501
generated-exit,ELT_FIXED_BINARY,tt_fixed_bytes,BINARY(16),264,0,false,0,2000000,native,3,0.415334
generated-exit,ELT_FIXED_BINARY,tt_fixed_bytes,BINARY(16),264,0,false,0,2000000,flink,3,0.320523
generated-exit,ELT_FIXED_BINARY,tt_fixed_bytes,BINARY(16),264,0,false,0,2000000,flink,4,0.325927
generated-exit,ELT_FIXED_BINARY,tt_fixed_bytes,BINARY(16),264,0,false,0,2000000,native,4,0.419298
generated-exit-repeat,BASELINE_text,text,STRING,264,0,false,0,2000000,flink,0,0.876433
generated-exit-repeat,BASELINE_text,text,STRING,264,0,false,0,2000000,native,0,1.026843
generated-exit-repeat,BASELINE_text,text,STRING,264,0,false,0,2000000,native,1,1.021420
generated-exit-repeat,BASELINE_text,text,STRING,264,0,false,0,2000000,flink,1,0.883242
generated-exit-repeat,BASELINE_text,text,STRING,264,0,false,0,2000000,flink,2,0.898705
generated-exit-repeat,BASELINE_text,text,STRING,264,0,false,0,2000000,native,2,1.013053
generated-exit-repeat,BASELINE_text,text,STRING,264,0,false,0,2000000,native,3,0.983202
generated-exit-repeat,BASELINE_text,text,STRING,264,0,false,0,2000000,flink,3,0.872547
generated-exit-repeat,BASELINE_text,text,STRING,264,0,false,0,2000000,flink,4,0.871716
generated-exit-repeat,BASELINE_text,text,STRING,264,0,false,0,2000000,native,4,1.007807
generated-exit-repeat,BASELINE_tt_fixed_bytes,tt_fixed_bytes,BINARY(16),264,0,false,0,2000000,flink,0,0.327653
generated-exit-repeat,BASELINE_tt_fixed_bytes,tt_fixed_bytes,BINARY(16),264,0,false,0,2000000,native,0,0.377881
generated-exit-repeat,BASELINE_tt_fixed_bytes,tt_fixed_bytes,BINARY(16),264,0,false,0,2000000,native,1,0.378413
generated-exit-repeat,BASELINE_tt_fixed_bytes,tt_fixed_bytes,BINARY(16),264,0,false,0,2000000,flink,1,0.307934
generated-exit-repeat,BASELINE_tt_fixed_bytes,tt_fixed_bytes,BINARY(16),264,0,false,0,2000000,flink,2,0.308345
generated-exit-repeat,BASELINE_tt_fixed_bytes,tt_fixed_bytes,BINARY(16),264,0,false,0,2000000,native,2,0.372938
generated-exit-repeat,BASELINE_tt_fixed_bytes,tt_fixed_bytes,BINARY(16),264,0,false,0,2000000,native,3,0.392715
generated-exit-repeat,BASELINE_tt_fixed_bytes,tt_fixed_bytes,BINARY(16),264,0,false,0,2000000,flink,3,0.306158
generated-exit-repeat,BASELINE_tt_fixed_bytes,tt_fixed_bytes,BINARY(16),264,0,false,0,2000000,flink,4,0.314750
generated-exit-repeat,BASELINE_tt_fixed_bytes,tt_fixed_bytes,BINARY(16),264,0,false,0,2000000,native,4,0.388381
generated-exit-repeat,TRY_STRING_TO_FIXED_BINARY,text,BINARY(16),264,0,false,0,2000000,flink,0,0.854040
generated-exit-repeat,TRY_STRING_TO_FIXED_BINARY,text,BINARY(16),264,0,false,0,2000000,native,0,0.917859
generated-exit-repeat,TRY_STRING_TO_FIXED_BINARY,text,BINARY(16),264,0,false,0,2000000,native,1,0.923941
generated-exit-repeat,TRY_STRING_TO_FIXED_BINARY,text,BINARY(16),264,0,false,0,2000000,flink,1,0.861167
generated-exit-repeat,TRY_STRING_TO_FIXED_BINARY,text,BINARY(16),264,0,false,0,2000000,flink,2,0.876141
generated-exit-repeat,TRY_STRING_TO_FIXED_BINARY,text,BINARY(16),264,0,false,0,2000000,native,2,0.932159
generated-exit-repeat,TRY_STRING_TO_FIXED_BINARY,text,BINARY(16),264,0,false,0,2000000,native,3,0.929564
generated-exit-repeat,TRY_STRING_TO_FIXED_BINARY,text,BINARY(16),264,0,false,0,2000000,flink,3,0.829441
generated-exit-repeat,TRY_STRING_TO_FIXED_BINARY,text,BINARY(16),264,0,false,0,2000000,flink,4,0.857535
generated-exit-repeat,TRY_STRING_TO_FIXED_BINARY,text,BINARY(16),264,0,false,0,2000000,native,4,0.924531
generated-exit-repeat,ELT_FIXED_BINARY,tt_fixed_bytes,BINARY(16),264,0,false,0,2000000,flink,0,0.309609
generated-exit-repeat,ELT_FIXED_BINARY,tt_fixed_bytes,BINARY(16),264,0,false,0,2000000,native,0,0.423843
generated-exit-repeat,ELT_FIXED_BINARY,tt_fixed_bytes,BINARY(16),264,0,false,0,2000000,native,1,0.423261
generated-exit-repeat,ELT_FIXED_BINARY,tt_fixed_bytes,BINARY(16),264,0,false,0,2000000,flink,1,0.308183
generated-exit-repeat,ELT_FIXED_BINARY,tt_fixed_bytes,BINARY(16),264,0,false,0,2000000,flink,2,0.308058
generated-exit-repeat,ELT_FIXED_BINARY,tt_fixed_bytes,BINARY(16),264,0,false,0,2000000,native,2,0.411998
generated-exit-repeat,ELT_FIXED_BINARY,tt_fixed_bytes,BINARY(16),264,0,false,0,2000000,native,3,0.419719
generated-exit-repeat,ELT_FIXED_BINARY,tt_fixed_bytes,BINARY(16),264,0,false,0,2000000,flink,3,0.307020
generated-exit-repeat,ELT_FIXED_BINARY,tt_fixed_bytes,BINARY(16),264,0,false,0,2000000,flink,4,0.320045
generated-exit-repeat,ELT_FIXED_BINARY,tt_fixed_bytes,BINARY(16),264,0,false,0,2000000,native,4,0.412252
borrowed-elt-inputs,BASELINE_text,text,STRING,264,0,false,0,2000000,flink,0,0.890609
borrowed-elt-inputs,BASELINE_text,text,STRING,264,0,false,0,2000000,native,0,1.008200
borrowed-elt-inputs,BASELINE_text,text,STRING,264,0,false,0,2000000,native,1,1.010758
borrowed-elt-inputs,BASELINE_text,text,STRING,264,0,false,0,2000000,flink,1,0.889822
borrowed-elt-inputs,BASELINE_text,text,STRING,264,0,false,0,2000000,flink,2,0.882961
borrowed-elt-inputs,BASELINE_text,text,STRING,264,0,false,0,2000000,native,2,0.983991
borrowed-elt-inputs,BASELINE_text,text,STRING,264,0,false,0,2000000,native,3,1.013579
borrowed-elt-inputs,BASELINE_text,text,STRING,264,0,false,0,2000000,flink,3,0.873946
borrowed-elt-inputs,BASELINE_text,text,STRING,264,0,false,0,2000000,flink,4,0.877094
borrowed-elt-inputs,BASELINE_text,text,STRING,264,0,false,0,2000000,native,4,0.994226
borrowed-elt-inputs,BASELINE_tt_fixed_bytes,tt_fixed_bytes,BINARY(16),264,0,false,0,2000000,flink,0,0.319241
borrowed-elt-inputs,BASELINE_tt_fixed_bytes,tt_fixed_bytes,BINARY(16),264,0,false,0,2000000,native,0,0.385675
borrowed-elt-inputs,BASELINE_tt_fixed_bytes,tt_fixed_bytes,BINARY(16),264,0,false,0,2000000,native,1,0.370378
borrowed-elt-inputs,BASELINE_tt_fixed_bytes,tt_fixed_bytes,BINARY(16),264,0,false,0,2000000,flink,1,0.305828
borrowed-elt-inputs,BASELINE_tt_fixed_bytes,tt_fixed_bytes,BINARY(16),264,0,false,0,2000000,flink,2,0.307872
borrowed-elt-inputs,BASELINE_tt_fixed_bytes,tt_fixed_bytes,BINARY(16),264,0,false,0,2000000,native,2,0.371003
borrowed-elt-inputs,BASELINE_tt_fixed_bytes,tt_fixed_bytes,BINARY(16),264,0,false,0,2000000,native,3,0.375259
borrowed-elt-inputs,BASELINE_tt_fixed_bytes,tt_fixed_bytes,BINARY(16),264,0,false,0,2000000,flink,3,0.331391
borrowed-elt-inputs,BASELINE_tt_fixed_bytes,tt_fixed_bytes,BINARY(16),264,0,false,0,2000000,flink,4,0.299480
borrowed-elt-inputs,BASELINE_tt_fixed_bytes,tt_fixed_bytes,BINARY(16),264,0,false,0,2000000,native,4,0.373920
borrowed-elt-inputs,TRY_STRING_TO_FIXED_BINARY,text,BINARY(16),264,0,false,0,2000000,flink,0,0.886394
borrowed-elt-inputs,TRY_STRING_TO_FIXED_BINARY,text,BINARY(16),264,0,false,0,2000000,native,0,0.926673
borrowed-elt-inputs,TRY_STRING_TO_FIXED_BINARY,text,BINARY(16),264,0,false,0,2000000,native,1,0.922495
borrowed-elt-inputs,TRY_STRING_TO_FIXED_BINARY,text,BINARY(16),264,0,false,0,2000000,flink,1,0.836673
borrowed-elt-inputs,TRY_STRING_TO_FIXED_BINARY,text,BINARY(16),264,0,false,0,2000000,flink,2,0.866295
borrowed-elt-inputs,TRY_STRING_TO_FIXED_BINARY,text,BINARY(16),264,0,false,0,2000000,native,2,0.935430
borrowed-elt-inputs,TRY_STRING_TO_FIXED_BINARY,text,BINARY(16),264,0,false,0,2000000,native,3,0.925937
borrowed-elt-inputs,TRY_STRING_TO_FIXED_BINARY,text,BINARY(16),264,0,false,0,2000000,flink,3,0.856320
borrowed-elt-inputs,TRY_STRING_TO_FIXED_BINARY,text,BINARY(16),264,0,false,0,2000000,flink,4,0.850211
borrowed-elt-inputs,TRY_STRING_TO_FIXED_BINARY,text,BINARY(16),264,0,false,0,2000000,native,4,0.924708
borrowed-elt-inputs,ELT_FIXED_BINARY,tt_fixed_bytes,BINARY(16),264,0,false,0,2000000,flink,0,0.315171
borrowed-elt-inputs,ELT_FIXED_BINARY,tt_fixed_bytes,BINARY(16),264,0,false,0,2000000,native,0,0.396196
borrowed-elt-inputs,ELT_FIXED_BINARY,tt_fixed_bytes,BINARY(16),264,0,false,0,2000000,native,1,0.403423
borrowed-elt-inputs,ELT_FIXED_BINARY,tt_fixed_bytes,BINARY(16),264,0,false,0,2000000,flink,1,0.305665
borrowed-elt-inputs,ELT_FIXED_BINARY,tt_fixed_bytes,BINARY(16),264,0,false,0,2000000,flink,2,0.307606
borrowed-elt-inputs,ELT_FIXED_BINARY,tt_fixed_bytes,BINARY(16),264,0,false,0,2000000,native,2,0.402591
borrowed-elt-inputs,ELT_FIXED_BINARY,tt_fixed_bytes,BINARY(16),264,0,false,0,2000000,native,3,0.399200
borrowed-elt-inputs,ELT_FIXED_BINARY,tt_fixed_bytes,BINARY(16),264,0,false,0,2000000,flink,3,0.300850
borrowed-elt-inputs,ELT_FIXED_BINARY,tt_fixed_bytes,BINARY(16),264,0,false,0,2000000,flink,4,0.316213
borrowed-elt-inputs,ELT_FIXED_BINARY,tt_fixed_bytes,BINARY(16),264,0,false,0,2000000,native,4,0.393039
