scenario,source_log,query,rows,engine,trial,seconds
candidate-binary-2m,synchronous-entry-prototype-binary-macro-2026-10-02.log,BASELINE_text,2000000,stock_flink,1,0.864977584
candidate-binary-2m,synchronous-entry-prototype-binary-macro-2026-10-02.log,BASELINE_text,2000000,stock_flink,2,0.856202912
candidate-binary-2m,synchronous-entry-prototype-binary-macro-2026-10-02.log,BASELINE_text,2000000,stock_flink,3,0.863049638
candidate-binary-2m,synchronous-entry-prototype-binary-macro-2026-10-02.log,BASELINE_text,2000000,stock_flink,4,0.853959556
candidate-binary-2m,synchronous-entry-prototype-binary-macro-2026-10-02.log,BASELINE_text,2000000,stock_flink,5,0.859103424
candidate-binary-2m,synchronous-entry-prototype-binary-macro-2026-10-02.log,BASELINE_text,2000000,native,1,0.578238906
candidate-binary-2m,synchronous-entry-prototype-binary-macro-2026-10-02.log,BASELINE_text,2000000,native,2,0.479209290
candidate-binary-2m,synchronous-entry-prototype-binary-macro-2026-10-02.log,BASELINE_text,2000000,native,3,0.472888832
candidate-binary-2m,synchronous-entry-prototype-binary-macro-2026-10-02.log,BASELINE_text,2000000,native,4,0.455865856
candidate-binary-2m,synchronous-entry-prototype-binary-macro-2026-10-02.log,BASELINE_text,2000000,native,5,0.522494514
candidate-binary-2m,synchronous-entry-prototype-binary-macro-2026-10-02.log,BASELINE_tt_fixed_bytes,2000000,stock_flink,1,0.306612051
candidate-binary-2m,synchronous-entry-prototype-binary-macro-2026-10-02.log,BASELINE_tt_fixed_bytes,2000000,stock_flink,2,0.313615661
candidate-binary-2m,synchronous-entry-prototype-binary-macro-2026-10-02.log,BASELINE_tt_fixed_bytes,2000000,stock_flink,3,0.305144059
candidate-binary-2m,synchronous-entry-prototype-binary-macro-2026-10-02.log,BASELINE_tt_fixed_bytes,2000000,stock_flink,4,0.318954708
candidate-binary-2m,synchronous-entry-prototype-binary-macro-2026-10-02.log,BASELINE_tt_fixed_bytes,2000000,stock_flink,5,0.306946836
candidate-binary-2m,synchronous-entry-prototype-binary-macro-2026-10-02.log,BASELINE_tt_fixed_bytes,2000000,native,1,0.323029885
candidate-binary-2m,synchronous-entry-prototype-binary-macro-2026-10-02.log,BASELINE_tt_fixed_bytes,2000000,native,2,0.318607440
candidate-binary-2m,synchronous-entry-prototype-binary-macro-2026-10-02.log,BASELINE_tt_fixed_bytes,2000000,native,3,0.304998639
candidate-binary-2m,synchronous-entry-prototype-binary-macro-2026-10-02.log,BASELINE_tt_fixed_bytes,2000000,native,4,0.304607079
candidate-binary-2m,synchronous-entry-prototype-binary-macro-2026-10-02.log,BASELINE_tt_fixed_bytes,2000000,native,5,0.306779506
candidate-binary-2m,synchronous-entry-prototype-binary-macro-2026-10-02.log,TRY_STRING_TO_FIXED_BINARY,2000000,stock_flink,1,0.885304374
candidate-binary-2m,synchronous-entry-prototype-binary-macro-2026-10-02.log,TRY_STRING_TO_FIXED_BINARY,2000000,stock_flink,2,0.871231212
candidate-binary-2m,synchronous-entry-prototype-binary-macro-2026-10-02.log,TRY_STRING_TO_FIXED_BINARY,2000000,stock_flink,3,0.868349420
candidate-binary-2m,synchronous-entry-prototype-binary-macro-2026-10-02.log,TRY_STRING_TO_FIXED_BINARY,2000000,stock_flink,4,0.863540271
candidate-binary-2m,synchronous-entry-prototype-binary-macro-2026-10-02.log,TRY_STRING_TO_FIXED_BINARY,2000000,stock_flink,5,0.861396031
candidate-binary-2m,synchronous-entry-prototype-binary-macro-2026-10-02.log,TRY_STRING_TO_FIXED_BINARY,2000000,native,1,0.378221904
candidate-binary-2m,synchronous-entry-prototype-binary-macro-2026-10-02.log,TRY_STRING_TO_FIXED_BINARY,2000000,native,2,0.371030278
candidate-binary-2m,synchronous-entry-prototype-binary-macro-2026-10-02.log,TRY_STRING_TO_FIXED_BINARY,2000000,native,3,0.379116362
candidate-binary-2m,synchronous-entry-prototype-binary-macro-2026-10-02.log,TRY_STRING_TO_FIXED_BINARY,2000000,native,4,0.396711614
candidate-binary-2m,synchronous-entry-prototype-binary-macro-2026-10-02.log,TRY_STRING_TO_FIXED_BINARY,2000000,native,5,0.422269859
candidate-binary-2m,synchronous-entry-prototype-binary-macro-2026-10-02.log,ELT_FIXED_BINARY,2000000,stock_flink,1,0.307783504
candidate-binary-2m,synchronous-entry-prototype-binary-macro-2026-10-02.log,ELT_FIXED_BINARY,2000000,stock_flink,2,0.307252577
candidate-binary-2m,synchronous-entry-prototype-binary-macro-2026-10-02.log,ELT_FIXED_BINARY,2000000,stock_flink,3,0.304820412
candidate-binary-2m,synchronous-entry-prototype-binary-macro-2026-10-02.log,ELT_FIXED_BINARY,2000000,stock_flink,4,0.302804780
candidate-binary-2m,synchronous-entry-prototype-binary-macro-2026-10-02.log,ELT_FIXED_BINARY,2000000,stock_flink,5,0.306830436
candidate-binary-2m,synchronous-entry-prototype-binary-macro-2026-10-02.log,ELT_FIXED_BINARY,2000000,native,1,0.319751694
candidate-binary-2m,synchronous-entry-prototype-binary-macro-2026-10-02.log,ELT_FIXED_BINARY,2000000,native,2,0.324028253
candidate-binary-2m,synchronous-entry-prototype-binary-macro-2026-10-02.log,ELT_FIXED_BINARY,2000000,native,3,0.322711497
candidate-binary-2m,synchronous-entry-prototype-binary-macro-2026-10-02.log,ELT_FIXED_BINARY,2000000,native,4,0.318495659
candidate-binary-2m,synchronous-entry-prototype-binary-macro-2026-10-02.log,ELT_FIXED_BINARY,2000000,native,5,0.320624219
candidate-elt-10m,synchronous-entry-elt-10m-2026-10-02.log,BASELINE_tt_fixed_bytes,10000000,stock_flink,1,1.005350214
candidate-elt-10m,synchronous-entry-elt-10m-2026-10-02.log,BASELINE_tt_fixed_bytes,10000000,stock_flink,2,1.008858706
candidate-elt-10m,synchronous-entry-elt-10m-2026-10-02.log,BASELINE_tt_fixed_bytes,10000000,stock_flink,3,0.985862032
candidate-elt-10m,synchronous-entry-elt-10m-2026-10-02.log,BASELINE_tt_fixed_bytes,10000000,stock_flink,4,0.981624758
candidate-elt-10m,synchronous-entry-elt-10m-2026-10-02.log,BASELINE_tt_fixed_bytes,10000000,stock_flink,5,1.009433800
candidate-elt-10m,synchronous-entry-elt-10m-2026-10-02.log,BASELINE_tt_fixed_bytes,10000000,native,1,1.190328459
candidate-elt-10m,synchronous-entry-elt-10m-2026-10-02.log,BASELINE_tt_fixed_bytes,10000000,native,2,1.171059397
candidate-elt-10m,synchronous-entry-elt-10m-2026-10-02.log,BASELINE_tt_fixed_bytes,10000000,native,3,1.177585163
candidate-elt-10m,synchronous-entry-elt-10m-2026-10-02.log,BASELINE_tt_fixed_bytes,10000000,native,4,1.160825928
candidate-elt-10m,synchronous-entry-elt-10m-2026-10-02.log,BASELINE_tt_fixed_bytes,10000000,native,5,1.158306005
candidate-elt-10m,synchronous-entry-elt-10m-2026-10-02.log,ELT_FIXED_BINARY,10000000,stock_flink,1,1.026032275
candidate-elt-10m,synchronous-entry-elt-10m-2026-10-02.log,ELT_FIXED_BINARY,10000000,stock_flink,2,1.001429578
candidate-elt-10m,synchronous-entry-elt-10m-2026-10-02.log,ELT_FIXED_BINARY,10000000,stock_flink,3,1.018177351
candidate-elt-10m,synchronous-entry-elt-10m-2026-10-02.log,ELT_FIXED_BINARY,10000000,stock_flink,4,1.018571962
candidate-elt-10m,synchronous-entry-elt-10m-2026-10-02.log,ELT_FIXED_BINARY,10000000,stock_flink,5,1.014648558
candidate-elt-10m,synchronous-entry-elt-10m-2026-10-02.log,ELT_FIXED_BINARY,10000000,native,1,1.283043634
candidate-elt-10m,synchronous-entry-elt-10m-2026-10-02.log,ELT_FIXED_BINARY,10000000,native,2,1.278331890
candidate-elt-10m,synchronous-entry-elt-10m-2026-10-02.log,ELT_FIXED_BINARY,10000000,native,3,1.272922639
candidate-elt-10m,synchronous-entry-elt-10m-2026-10-02.log,ELT_FIXED_BINARY,10000000,native,4,1.279930886
candidate-elt-10m,synchronous-entry-elt-10m-2026-10-02.log,ELT_FIXED_BINARY,10000000,native,5,1.288453495
previous-binary-2m,synchronous-entry-previous-binary-2m-2026-10-02.log,BASELINE_text,2000000,stock_flink,1,0.871961013
previous-binary-2m,synchronous-entry-previous-binary-2m-2026-10-02.log,BASELINE_text,2000000,stock_flink,2,0.890980375
previous-binary-2m,synchronous-entry-previous-binary-2m-2026-10-02.log,BASELINE_text,2000000,stock_flink,3,0.879244506
previous-binary-2m,synchronous-entry-previous-binary-2m-2026-10-02.log,BASELINE_text,2000000,stock_flink,4,0.868130246
previous-binary-2m,synchronous-entry-previous-binary-2m-2026-10-02.log,BASELINE_text,2000000,stock_flink,5,0.884351998
previous-binary-2m,synchronous-entry-previous-binary-2m-2026-10-02.log,BASELINE_text,2000000,previous_production,1,1.026066426
previous-binary-2m,synchronous-entry-previous-binary-2m-2026-10-02.log,BASELINE_text,2000000,previous_production,2,1.000285540
previous-binary-2m,synchronous-entry-previous-binary-2m-2026-10-02.log,BASELINE_text,2000000,previous_production,3,1.008380377
previous-binary-2m,synchronous-entry-previous-binary-2m-2026-10-02.log,BASELINE_text,2000000,previous_production,4,1.002408372
previous-binary-2m,synchronous-entry-previous-binary-2m-2026-10-02.log,BASELINE_text,2000000,previous_production,5,1.015513385
previous-binary-2m,synchronous-entry-previous-binary-2m-2026-10-02.log,BASELINE_tt_fixed_bytes,2000000,stock_flink,1,0.310042373
previous-binary-2m,synchronous-entry-previous-binary-2m-2026-10-02.log,BASELINE_tt_fixed_bytes,2000000,stock_flink,2,0.304665956
previous-binary-2m,synchronous-entry-previous-binary-2m-2026-10-02.log,BASELINE_tt_fixed_bytes,2000000,stock_flink,3,0.309361641
previous-binary-2m,synchronous-entry-previous-binary-2m-2026-10-02.log,BASELINE_tt_fixed_bytes,2000000,stock_flink,4,0.305558222
previous-binary-2m,synchronous-entry-previous-binary-2m-2026-10-02.log,BASELINE_tt_fixed_bytes,2000000,stock_flink,5,0.303024052
previous-binary-2m,synchronous-entry-previous-binary-2m-2026-10-02.log,BASELINE_tt_fixed_bytes,2000000,previous_production,1,0.422333901
previous-binary-2m,synchronous-entry-previous-binary-2m-2026-10-02.log,BASELINE_tt_fixed_bytes,2000000,previous_production,2,0.409434334
previous-binary-2m,synchronous-entry-previous-binary-2m-2026-10-02.log,BASELINE_tt_fixed_bytes,2000000,previous_production,3,0.405869627
previous-binary-2m,synchronous-entry-previous-binary-2m-2026-10-02.log,BASELINE_tt_fixed_bytes,2000000,previous_production,4,0.407854794
previous-binary-2m,synchronous-entry-previous-binary-2m-2026-10-02.log,BASELINE_tt_fixed_bytes,2000000,previous_production,5,0.404953741
previous-binary-2m,synchronous-entry-previous-binary-2m-2026-10-02.log,TRY_STRING_TO_FIXED_BINARY,2000000,stock_flink,1,0.875229215
previous-binary-2m,synchronous-entry-previous-binary-2m-2026-10-02.log,TRY_STRING_TO_FIXED_BINARY,2000000,stock_flink,2,0.855674684
previous-binary-2m,synchronous-entry-previous-binary-2m-2026-10-02.log,TRY_STRING_TO_FIXED_BINARY,2000000,stock_flink,3,0.843372061
previous-binary-2m,synchronous-entry-previous-binary-2m-2026-10-02.log,TRY_STRING_TO_FIXED_BINARY,2000000,stock_flink,4,0.864628059
previous-binary-2m,synchronous-entry-previous-binary-2m-2026-10-02.log,TRY_STRING_TO_FIXED_BINARY,2000000,stock_flink,5,0.847624835
previous-binary-2m,synchronous-entry-previous-binary-2m-2026-10-02.log,TRY_STRING_TO_FIXED_BINARY,2000000,previous_production,1,0.870566493
previous-binary-2m,synchronous-entry-previous-binary-2m-2026-10-02.log,TRY_STRING_TO_FIXED_BINARY,2000000,previous_production,2,0.858228649
previous-binary-2m,synchronous-entry-previous-binary-2m-2026-10-02.log,TRY_STRING_TO_FIXED_BINARY,2000000,previous_production,3,0.883147335
previous-binary-2m,synchronous-entry-previous-binary-2m-2026-10-02.log,TRY_STRING_TO_FIXED_BINARY,2000000,previous_production,4,0.847391133
previous-binary-2m,synchronous-entry-previous-binary-2m-2026-10-02.log,TRY_STRING_TO_FIXED_BINARY,2000000,previous_production,5,0.851926839
previous-binary-2m,synchronous-entry-previous-binary-2m-2026-10-02.log,ELT_FIXED_BINARY,2000000,stock_flink,1,0.325498928
previous-binary-2m,synchronous-entry-previous-binary-2m-2026-10-02.log,ELT_FIXED_BINARY,2000000,stock_flink,2,0.328979324
previous-binary-2m,synchronous-entry-previous-binary-2m-2026-10-02.log,ELT_FIXED_BINARY,2000000,stock_flink,3,0.320679797
previous-binary-2m,synchronous-entry-previous-binary-2m-2026-10-02.log,ELT_FIXED_BINARY,2000000,stock_flink,4,0.319630763
previous-binary-2m,synchronous-entry-previous-binary-2m-2026-10-02.log,ELT_FIXED_BINARY,2000000,stock_flink,5,0.314642559
previous-binary-2m,synchronous-entry-previous-binary-2m-2026-10-02.log,ELT_FIXED_BINARY,2000000,previous_production,1,0.320974318
previous-binary-2m,synchronous-entry-previous-binary-2m-2026-10-02.log,ELT_FIXED_BINARY,2000000,previous_production,2,0.340833093
previous-binary-2m,synchronous-entry-previous-binary-2m-2026-10-02.log,ELT_FIXED_BINARY,2000000,previous_production,3,0.310330914
previous-binary-2m,synchronous-entry-previous-binary-2m-2026-10-02.log,ELT_FIXED_BINARY,2000000,previous_production,4,0.324408961
previous-binary-2m,synchronous-entry-previous-binary-2m-2026-10-02.log,ELT_FIXED_BINARY,2000000,previous_production,5,0.316316323
candidate-boolean-initial,synchronous-entry-prototype-boolean-macro-2026-10-02.log,ARRAY_DISTINCT(arr),10000000,stock_flink,1,2.513577407
candidate-boolean-initial,synchronous-entry-prototype-boolean-macro-2026-10-02.log,ARRAY_DISTINCT(arr),10000000,stock_flink,2,2.483692717
candidate-boolean-initial,synchronous-entry-prototype-boolean-macro-2026-10-02.log,ARRAY_DISTINCT(arr),10000000,stock_flink,3,2.499376007
candidate-boolean-initial,synchronous-entry-prototype-boolean-macro-2026-10-02.log,ARRAY_DISTINCT(arr),10000000,stock_flink,4,2.512073286
candidate-boolean-initial,synchronous-entry-prototype-boolean-macro-2026-10-02.log,ARRAY_DISTINCT(arr),10000000,stock_flink,5,2.519289616
candidate-boolean-initial,synchronous-entry-prototype-boolean-macro-2026-10-02.log,ARRAY_DISTINCT(arr),10000000,native,1,2.039726991
candidate-boolean-initial,synchronous-entry-prototype-boolean-macro-2026-10-02.log,ARRAY_DISTINCT(arr),10000000,native,2,2.034332087
candidate-boolean-initial,synchronous-entry-prototype-boolean-macro-2026-10-02.log,ARRAY_DISTINCT(arr),10000000,native,3,2.036432011
candidate-boolean-initial,synchronous-entry-prototype-boolean-macro-2026-10-02.log,ARRAY_DISTINCT(arr),10000000,native,4,2.040540697
candidate-boolean-initial,synchronous-entry-prototype-boolean-macro-2026-10-02.log,ARRAY_DISTINCT(arr),10000000,native,5,2.029808468
previous-boolean,synchronous-entry-previous-boolean-10m-2026-10-02.log,ARRAY_DISTINCT(arr),10000000,stock_flink,1,2.223131720
previous-boolean,synchronous-entry-previous-boolean-10m-2026-10-02.log,ARRAY_DISTINCT(arr),10000000,stock_flink,2,2.212738546
previous-boolean,synchronous-entry-previous-boolean-10m-2026-10-02.log,ARRAY_DISTINCT(arr),10000000,stock_flink,3,2.183459972
previous-boolean,synchronous-entry-previous-boolean-10m-2026-10-02.log,ARRAY_DISTINCT(arr),10000000,stock_flink,4,2.178513554
previous-boolean,synchronous-entry-previous-boolean-10m-2026-10-02.log,ARRAY_DISTINCT(arr),10000000,stock_flink,5,2.172049918
previous-boolean,synchronous-entry-previous-boolean-10m-2026-10-02.log,ARRAY_DISTINCT(arr),10000000,previous_production,1,2.204954159
previous-boolean,synchronous-entry-previous-boolean-10m-2026-10-02.log,ARRAY_DISTINCT(arr),10000000,previous_production,2,2.170740112
previous-boolean,synchronous-entry-previous-boolean-10m-2026-10-02.log,ARRAY_DISTINCT(arr),10000000,previous_production,3,2.198918510
previous-boolean,synchronous-entry-previous-boolean-10m-2026-10-02.log,ARRAY_DISTINCT(arr),10000000,previous_production,4,2.170979422
previous-boolean,synchronous-entry-previous-boolean-10m-2026-10-02.log,ARRAY_DISTINCT(arr),10000000,previous_production,5,2.240662116
candidate-boolean-repeat,synchronous-entry-repeat-boolean-10m-2026-10-02.log,ARRAY_DISTINCT(arr),10000000,stock_flink,1,2.469120593
candidate-boolean-repeat,synchronous-entry-repeat-boolean-10m-2026-10-02.log,ARRAY_DISTINCT(arr),10000000,stock_flink,2,2.466527908
candidate-boolean-repeat,synchronous-entry-repeat-boolean-10m-2026-10-02.log,ARRAY_DISTINCT(arr),10000000,stock_flink,3,2.439696390
candidate-boolean-repeat,synchronous-entry-repeat-boolean-10m-2026-10-02.log,ARRAY_DISTINCT(arr),10000000,stock_flink,4,2.465904236
candidate-boolean-repeat,synchronous-entry-repeat-boolean-10m-2026-10-02.log,ARRAY_DISTINCT(arr),10000000,stock_flink,5,2.456442207
candidate-boolean-repeat,synchronous-entry-repeat-boolean-10m-2026-10-02.log,ARRAY_DISTINCT(arr),10000000,native,1,2.086714215
candidate-boolean-repeat,synchronous-entry-repeat-boolean-10m-2026-10-02.log,ARRAY_DISTINCT(arr),10000000,native,2,2.082340694
candidate-boolean-repeat,synchronous-entry-repeat-boolean-10m-2026-10-02.log,ARRAY_DISTINCT(arr),10000000,native,3,2.081116288
candidate-boolean-repeat,synchronous-entry-repeat-boolean-10m-2026-10-02.log,ARRAY_DISTINCT(arr),10000000,native,4,2.088255368
candidate-boolean-repeat,synchronous-entry-repeat-boolean-10m-2026-10-02.log,ARRAY_DISTINCT(arr),10000000,native,5,2.097229032
candidate-string-duplicates,synchronous-entry-string-duplicates-2026-10-02.log,ARRAY_DISTINCT(arr),200000,stock_flink,1,3.172064945
candidate-string-duplicates,synchronous-entry-string-duplicates-2026-10-02.log,ARRAY_DISTINCT(arr),200000,stock_flink,2,3.149866867
candidate-string-duplicates,synchronous-entry-string-duplicates-2026-10-02.log,ARRAY_DISTINCT(arr),200000,stock_flink,3,3.140048925
candidate-string-duplicates,synchronous-entry-string-duplicates-2026-10-02.log,ARRAY_DISTINCT(arr),200000,stock_flink,4,3.137448748
candidate-string-duplicates,synchronous-entry-string-duplicates-2026-10-02.log,ARRAY_DISTINCT(arr),200000,stock_flink,5,3.172798070
candidate-string-duplicates,synchronous-entry-string-duplicates-2026-10-02.log,ARRAY_DISTINCT(arr),200000,native,1,3.193515019
candidate-string-duplicates,synchronous-entry-string-duplicates-2026-10-02.log,ARRAY_DISTINCT(arr),200000,native,2,3.159971063
candidate-string-duplicates,synchronous-entry-string-duplicates-2026-10-02.log,ARRAY_DISTINCT(arr),200000,native,3,3.216020509
candidate-string-duplicates,synchronous-entry-string-duplicates-2026-10-02.log,ARRAY_DISTINCT(arr),200000,native,4,2.967990844
candidate-string-duplicates,synchronous-entry-string-duplicates-2026-10-02.log,ARRAY_DISTINCT(arr),200000,native,5,3.146476216
