query,off_trial1_s,off_trial2_s,off_trial3_s,on_trial1_s,on_trial2_s,on_trial3_s,off_best_s,on_best_s,throughput_change_percent,off_max_min_ratio,on_max_min_ratio
q0,0.831311811,0.792510493,0.733247786,0.843276503,0.769572089,0.695969678,0.733247786,0.695969678,5.356283352333047,1.133739271870096,1.2116569581354664
q1,0.788088672,0.781705284,0.76774004,0.77937686,0.707636275,0.638621062,0.76774004,0.638621062,20.218402693395653,1.026504586109642,1.2204058186856355
q2,0.341741605,0.335653761,0.348749632,0.386863971,0.349948537,0.330318036,0.335653761,0.330318036,1.6153295970795956,1.0390160115024005,1.1711863381265684
q3,0.985658684,1.693320186,1.20836701,0.748849069,0.721031355,0.624497884,0.985658684,0.624497884,57.83218954829958,1.7179579640369709,1.1991218676411082
q4,28.750082833,17.643434395,13.935097574,13.734727438,14.954728145,13.246733657,13.935097574,13.246733657,5.196480391498226,2.0631418388229794,1.1289370294765035
q5,2.789759923,2.688983787,3.176551677,7.066872765,3.146784798,2.398869383,2.688983787,2.398869383,12.093797438741172,1.1813205019521376,2.945918112541103
q7,7.656910126,6.965744519,8.012048548,7.35582906,7.165977753,7.403446172,6.965744519,7.165977753,-2.7942207037437883,1.1502070634583375,1.0331383137354264
q8,1.434680154,1.91807994,1.687095971,1.677539312,1.751434997,1.439470912,1.434680154,1.439470912,-0.3328138109677914,1.336939062446946,1.2167213539359105
q9,28.111991358,40.364997474,32.689768693,43.272611047,32.721891405,26.255945678,28.111991358,26.255945678,7.069049055639964,1.435864039653423,1.6481071212475258
q10,1.909138242,1.77949056,1.756336761,1.926970701,1.769000808,1.733354227,1.756336761,1.733354227,1.3258994406340818,1.087000104076282,1.1117004654813698
q11,1.325508297,1.223233851,1.194002561,1.237216942,1.200220538,1.188036089,1.194002561,1.188036089,0.5022130266280289,1.1101385711349407,1.041396766862021
q12,0.999684281,0.90886513,0.909956641,1.092014222,0.890929329,0.928043279,0.90886513,0.890929329,2.013156421748019,1.0999258833926218,1.2257024058526644
q13,0.503695754,0.490325493,0.435286581,0.51760391,0.477698709,0.431836945,0.435286581,0.431836945,0.7988283633305171,1.1571589292802023,1.1986096048359176
q14,1.884588685,1.824920741,1.800595149,1.807275959,1.815734363,1.797171241,1.800595149,1.797171241,0.19051651405765924,1.0466476520536265,1.01032907804026
q15,4.744515085,4.719885493,4.667107029,4.767577965,4.728999194,4.708179349,4.667107029,4.708179349,-0.8723609904266572,1.0165858754725376,1.0126160478599049
q16,7.501759229,7.379879224,7.095930172,7.045339506,7.320372883,9.162376261,7.095930172,7.045339506,0.7180727906286988,1.0571918053254485,1.3004875426084257
q17,1.159021575,1.100690098,1.175978365,2.106803498,1.935980987,1.21959364,1.100690098,1.21959364,-9.749439329644261,1.0684009669359267,1.7274635000556415
q18,6.821154873,10.667277505,39.864045844,6.919639852,6.506707495,10.951911016,6.821154873,6.506707495,4.8326650343762045,5.844178381258109,1.6831724838431517
q19,3.38834943,3.357922101,3.401450799,3.579539905,3.515251055,5.829944012,3.357922101,3.515251055,-4.475610746954162,1.0129629862429022,1.658471591583094
q20,9.280102509,9.062896378,8.237499927,8.877966856,14.322336345,25.200534145,8.237499927,8.877966856,-7.214117144030041,1.126567841121633,2.8385478965793514
q21,1.470313048,1.41007559,1.403939218,1.469315168,1.449733948,1.395618594,1.403939218,1.395618594,0.5961961266331528,1.047276854402966,1.052805669340344
q22,0.541716563,0.527396645,0.527013611,0.579277765,0.546349538,0.541642379,0.527013611,0.541642379,-2.7008167320674126,1.0278986191117558,1.0694838281847217
q23,13.789372939,13.164906009,26.182955354,12.993641855,11.598717903,13.738007078,13.164906009,11.598717903,13.503114043276332,1.9888448376388255,1.1844418661520058
